Call  Failure,Complains,Subscription  Length,Charge  Amount,Seconds of Use,Frequency of SMS,Distinct Called Numbers,Age,Churn
8,0,38,0,4370,5,17,30,0
0,0,39,0,318,7,4,25,0
10,0,37,0,2453,359,24,30,0
10,0,38,0,4198,1,35,15,0
3,0,38,0,2393,2,33,15,0
11,0,38,1,3775,32,28,30,0
4,0,38,0,2360,285,18,30,0
13,0,37,2,9115,144,43,30,0
7,0,38,0,13773,0,44,30,0
7,0,38,1,4515,2,25,30,0
6,0,38,0,5918,7,12,30,0
9,0,38,0,2238,8,17,30,0
25,0,38,3,15140,54,32,30,0
4,0,38,1,3095,483,8,30,0
9,0,37,0,15485,150,30,25,0
3,0,37,1,6500,186,26,30,0
0,0,37,0,875,0,11,25,1
2,0,38,0,710,13,8,30,0
0,0,37,0,0,0,0,25,1
3,0,37,0,7508,384,43,25,0
7,0,37,1,11465,11,47,45,0
8,0,37,1,6718,108,37,25,0
23,1,33,0,955,16,17,25,1
21,1,36,8,10435,1,42,55,0
13,1,36,1,5818,26,24,25,1
1,0,34,0,2840,0,14,30,0
9,0,35,0,2990,9,16,30,1
9,1,36,0,2268,34,31,30,1
0,0,36,0,133,0,2,30,1
1,0,36,0,1668,0,6,30,0
3,0,33,1,6785,14,22,55,0
0,1,36,0,628,9,4,45,1
0,0,36,1,338,4,2,55,0
25,0,31,3,16075,0,80,25,0
6,0,34,3,6965,271,33,25,0
2,0,36,0,3718,2,28,25,0
3,0,35,0,1665,38,20,30,0
6,0,36,0,2780,175,23,25,0
4,0,27,1,1315,193,11,25,0
4,0,26,0,1568,30,68,45,0
11,0,27,0,700,10,7,25,0
0,0,26,0,825,21,3,45,1
10,0,25,0,1225,19,13,25,0
2,0,25,0,3225,8,23,30,0
2,0,18,0,1695,28,14,25,0
16,0,17,1,6393,85,42,25,0
12,0,15,0,8933,73,40,45,0
8,0,16,3,2853,31,19,30,0
2,0,9,1,4390,215,10,30,0
3,0,9,1,1488,0,7,30,1
11,0,40,1,4430,10,19,30,0
3,0,41,1,378,12,6,30,0
13,0,39,1,2513,364,26,30,0
13,0,40,1,4258,6,37,15,0
6,0,40,1,2453,7,35,25,0
14,0,40,2,3835,37,30,30,0
7,0,40,1,2420,290,20,30,0
16,0,39,3,9175,149,45,30,0
10,0,40,1,13833,5,46,30,0
10,0,40,2,4575,7,27,30,0
9,0,40,1,5978,12,14,30,0
12,0,40,1,2298,13,19,30,0
28,0,40,4,15200,59,34,30,0
7,0,40,2,3155,488,10,30,0
12,0,39,1,15545,155,32,25,0
6,0,39,2,6560,191,28,30,0
3,0,39,1,935,5,13,25,0
5,0,40,1,770,18,10,30,0
3,1,39,1,60,5,2,25,1
6,0,39,1,7568,389,45,30,0
10,0,39,2,11525,16,49,45,0
11,0,39,2,6778,113,39,25,0
26,1,35,1,1015,21,19,30,1
24,1,38,9,10495,6,44,55,0
16,0,38,2,5878,31,26,25,0
4,0,36,1,2900,5,16,30,0
12,0,37,1,3050,14,18,30,1
12,1,38,1,2328,39,33,30,1
3,0,38,1,193,5,4,30,1
4,0,38,1,1728,5,8,45,0
6,0,35,2,6845,19,24,55,0
3,0,38,1,688,14,6,45,1
3,0,38,2,398,9,4,55,0
28,0,33,4,16135,5,82,25,0
9,1,36,4,7025,276,35,30,0
5,0,38,1,3778,7,30,30,0
6,0,37,1,1725,43,22,30,0
9,0,38,1,2840,180,25,25,0
7,0,29,2,1375,198,13,30,0
7,0,28,1,1628,35,70,45,0
14,0,29,1,760,15,9,30,0
3,0,28,1,885,26,5,45,0
13,0,27,1,1285,24,15,25,0
5,0,27,1,3285,13,25,30,0
5,0,20,1,1755,33,16,25,0
19,0,19,2,6453,90,44,25,0
15,0,17,1,8993,78,42,55,0
11,0,18,4,2913,36,21,30,0
5,0,11,2,4450,220,12,30,0
6,1,11,2,1548,5,9,30,1
5,0,36,0,4310,0,15,25,0
0,0,37,0,258,2,2,25,0
7,0,35,0,2393,354,22,25,0
7,0,36,0,4138,0,33,15,0
0,0,36,0,2333,0,31,15,0
8,0,36,0,3715,27,26,30,0
1,0,36,0,2300,280,16,30,0
10,0,35,1,9055,139,41,30,0
4,0,36,0,13713,0,42,30,0
4,0,36,0,4455,0,23,30,0
3,0,36,0,5858,2,10,25,0
6,1,36,0,2178,3,15,30,0
22,0,36,2,15080,49,30,30,0
1,0,36,0,3035,478,6,30,0
6,0,35,0,15425,145,28,25,0
0,0,35,0,6440,181,24,30,0
0,0,35,0,815,0,9,25,0
0,0,36,0,650,8,6,25,0
0,0,35,0,0,0,0,25,1
0,0,35,0,7448,379,41,25,0
4,0,35,0,11405,6,45,30,0
5,0,35,0,6658,103,35,25,0
20,0,31,0,895,11,15,25,1
18,0,34,7,10375,0,40,45,0
10,0,34,0,5758,21,22,25,1
0,0,32,0,2780,0,12,30,0
6,0,33,0,2930,4,14,25,1
6,1,34,0,2208,29,29,30,1
0,1,34,0,0,0,0,30,1
0,0,34,0,1608,0,4,30,0
0,0,31,0,6725,9,20,45,0
0,0,34,0,568,4,2,45,1
0,0,34,0,0,0,0,55,0
22,0,29,2,16015,0,78,25,0
3,0,32,2,6905,266,31,25,0
0,0,34,0,3658,0,26,25,0
0,0,33,0,1605,33,18,30,0
3,0,34,0,2720,170,21,25,0
1,0,25,0,1255,188,9,25,0
1,0,24,0,1508,25,66,45,0
8,0,25,0,640,5,5,25,0
0,1,24,0,765,16,1,45,1
7,0,23,0,1165,14,11,25,0
0,0,23,0,3165,3,21,30,0
0,0,16,0,1635,23,12,25,0
13,0,15,0,6333,80,40,15,0
9,0,13,0,8873,68,38,45,0
5,0,14,2,2793,26,17,30,0
0,0,7,0,4330,210,8,30,0
0,0,7,0,1428,0,5,30,1
9,0,42,1,4450,15,21,30,0
1,1,43,0,398,17,8,30,1
11,0,41,1,2533,369,28,30,0
11,0,42,1,4278,11,39,15,0
4,0,42,1,2473,12,37,25,0
12,0,42,2,3855,42,32,30,0
5,0,42,1,2440,295,22,30,0
14,0,41,3,9195,154,47,30,0
8,0,42,1,13853,10,48,30,0
8,0,42,2,4595,12,29,30,0
7,0,42,1,5998,17,16,30,0
10,0,42,0,2318,18,21,30,0
26,0,42,4,15220,64,36,30,0
5,0,42,2,3175,493,12,30,0
10,0,41,1,15565,160,34,25,0
4,0,41,2,6580,196,30,30,0
1,0,41,0,955,10,15,25,0
3,0,42,0,790,23,12,30,0
1,0,41,0,80,10,4,25,1
4,0,41,1,7588,394,47,30,0
8,0,41,2,11545,21,51,45,0
9,0,41,2,6798,118,41,25,0
24,1,37,0,1035,26,21,30,1
22,1,40,9,10515,11,46,55,0
14,0,40,2,5898,36,28,25,1
2,0,38,1,2920,10,18,30,0
10,0,39,0,3070,19,20,30,1
10,1,40,0,2348,44,35,30,1
1,0,40,0,213,10,6,30,1
2,0,40,1,1748,10,10,45,0
4,0,37,2,6865,24,26,55,0
1,1,40,0,708,19,8,45,1
1,0,40,2,418,14,6,55,0
26,0,35,4,16155,10,84,25,0
7,1,38,4,7045,281,37,25,0
3,0,40,1,3798,12,32,30,0
4,0,39,0,1745,48,24,30,0
7,0,40,1,2860,185,27,25,0
5,0,31,2,1395,203,15,25,0
5,0,30,1,1648,40,72,45,0
12,0,31,0,780,20,11,30,0
1,0,30,0,905,31,7,45,0
11,0,29,1,1305,29,17,25,0
3,0,29,1,3305,18,27,30,0
3,0,22,1,1775,38,18,25,0
17,0,21,2,6473,95,46,25,0
13,0,19,1,9013,83,44,55,0
9,0,20,4,2933,41,23,30,0
3,0,13,2,4470,225,14,30,0
4,0,13,2,1568,10,11,30,1
7,0,34,0,4290,0,13,25,0
0,0,35,0,0,0,0,25,0
9,0,33,0,2373,349,20,25,0
9,0,34,0,4118,0,31,15,0
2,0,34,0,2313,0,29,15,0
10,0,34,0,3695,22,24,30,0
3,0,34,0,2280,275,14,30,0
12,0,33,1,9035,134,39,30,0
6,0,34,0,13693,0,40,30,0
6,0,34,0,4435,0,21,30,0
5,0,34,0,5838,0,8,25,0
8,0,34,0,2158,0,13,30,0
24,0,34,2,15060,44,28,30,0
3,0,34,0,3015,473,4,30,0
8,0,33,0,15405,140,26,25,0
2,0,33,0,6420,176,22,30,0
0,0,33,0,795,0,7,25,0
1,0,34,0,630,3,4,25,0
0,0,33,0,0,0,0,25,1
2,0,33,0,7428,374,39,25,0
6,0,33,0,11385,1,43,30,0
7,0,33,0,6638,98,33,25,0
22,0,29,0,875,6,13,25,1
20,0,32,7,10355,0,38,45,0
12,1,32,0,5738,16,20,25,1
0,0,30,0,2760,0,10,30,0
8,1,31,0,2910,0,12,30,1
8,0,32,0,2188,24,27,30,1
0,1,32,0,0,0,0,30,1
0,0,32,0,1588,0,2,30,0
2,0,29,0,6705,4,18,45,0
0,0,32,0,0,0,0,45,1
0,0,32,0,0,0,0,55,0
24,0,27,2,15995,0,76,25,0
5,0,30,2,6885,261,29,25,0
1,0,32,0,3638,0,24,25,0
2,0,31,0,1585,28,16,30,0
5,0,32,0,2700,165,19,25,0
3,0,23,0,1235,183,7,25,0
3,0,22,0,1488,20,64,45,0
10,0,23,0,620,0,3,25,0
0,0,22,0,0,11,0,45,0
9,0,21,0,1145,9,9,25,0
1,0,21,0,3145,0,19,30,0
1,0,14,0,1615,18,10,25,0
15,0,13,0,6313,75,38,15,0
11,0,11,0,8853,63,36,45,0
7,0,12,2,2773,21,15,30,0
1,0,5,0,4310,205,6,30,0
2,0,5,0,1408,0,3,30,1
13,0,44,1,4630,20,23,30,0
5,0,45,0,578,22,10,30,0
15,0,43,1,2713,374,30,30,0
15,0,44,1,4458,16,41,15,0
8,0,44,1,2653,17,39,25,0
16,0,44,2,4035,47,34,30,0
9,0,44,1,2620,300,24,30,0
18,0,43,3,9375,159,49,30,0
12,0,44,1,14033,15,50,30,0
12,0,44,2,4775,17,31,30,0
11,0,44,1,6178,22,18,30,0
14,1,44,0,2498,23,23,30,0
30,0,44,4,15400,69,38,30,0
9,0,44,2,3355,498,14,30,0
14,0,43,1,15745,165,36,25,0
8,0,43,2,6760,201,32,30,0
5,0,43,0,1135,15,17,25,0
7,0,44,0,970,28,14,30,0
5,0,43,0,260,15,6,25,1
8,0,43,1,7768,399,49,30,0
12,0,43,2,11725,26,53,45,0
13,0,43,2,6978,123,43,25,0
28,1,39,0,1215,31,23,30,1
26,0,42,9,10695,16,48,55,0
18,0,42,2,6078,41,30,25,0
6,0,40,1,3100,15,20,30,0
14,1,41,0,3250,24,22,30,1
14,1,42,0,2528,49,37,45,1
5,0,42,0,393,15,8,30,1
6,0,42,1,1928,15,12,45,0
8,0,39,2,7045,29,28,55,0
5,0,42,0,888,24,10,45,1
5,0,42,2,598,19,8,55,0
30,1,37,4,16335,15,86,25,0
11,1,40,4,7225,286,39,30,0
7,0,42,1,3978,17,34,30,0
8,0,41,0,1925,53,26,30,0
11,0,42,1,3040,190,29,25,0
9,0,33,2,1575,208,17,30,0
9,0,32,1,1828,45,74,55,0
16,0,33,0,960,25,13,30,0
5,0,32,0,1085,36,9,45,0
15,0,31,1,1485,34,19,25,0
7,0,31,1,3485,23,29,30,0
7,0,24,1,1955,43,20,30,0
21,0,23,2,6653,100,48,25,0
17,0,21,1,9193,88,46,55,0
13,0,22,4,3113,46,25,30,0
7,0,15,2,4650,230,16,30,0
8,1,15,2,1748,15,13,30,1
3,0,32,0,4110,0,11,25,0
0,0,33,0,0,0,0,25,0
5,0,31,0,2193,344,18,25,0
5,0,32,0,3938,0,29,15,0
0,0,32,0,2133,0,27,15,0
6,0,32,0,3515,17,22,25,0
0,0,32,0,2100,270,12,30,0
8,0,31,1,8855,129,37,30,0
2,0,32,0,13513,0,38,30,0
2,0,32,0,4255,0,19,30,0
1,0,32,0,5658,0,6,25,0
4,0,32,0,1978,0,11,30,0
20,0,32,2,14880,39,26,30,0
0,0,32,0,2835,468,2,30,0
4,0,31,0,15225,135,24,25,0
0,0,31,0,6240,171,20,30,0
0,0,31,0,615,0,5,25,0
0,0,32,0,450,0,2,25,0
0,0,31,0,0,0,0,25,1
0,0,31,0,7248,369,37,25,0
2,0,31,0,11205,0,41,30,0
3,0,31,0,6458,93,31,25,0
18,1,27,0,695,1,11,25,1
16,0,30,7,10175,0,36,45,0
8,1,30,0,5558,11,18,25,1
0,0,28,0,2580,0,8,30,0
4,0,29,0,2730,0,10,25,1
4,1,30,0,2008,19,25,30,1
0,0,30,0,0,0,0,30,1
0,0,30,0,0,0,0,30,0
0,0,27,0,6525,0,16,45,0
0,1,30,0,0,0,0,45,1
0,1,30,0,0,0,0,55,1
20,0,25,2,15815,0,74,25,0
1,0,28,2,6705,256,27,25,0
0,0,30,0,3458,0,22,25,0
0,0,29,0,1405,23,14,30,0
1,0,30,0,2520,160,17,25,0
0,0,21,0,1055,178,5,25,0
0,0,20,0,1308,15,62,45,0
6,0,21,0,440,0,1,25,0
0,0,20,0,0,6,0,45,0
5,0,19,0,965,4,7,25,0
0,0,19,0,2965,0,17,30,0
0,0,12,0,1435,13,8,25,0
11,0,11,0,6133,70,36,15,0
7,0,9,0,8673,58,34,45,0
3,0,10,2,2593,16,13,30,0
0,0,3,0,4130,200,4,30,0
0,1,3,0,1228,0,1,25,1
10,0,41,0,4550,16,22,30,0
2,0,42,0,498,18,9,25,0
12,0,40,0,2633,370,29,30,0
12,0,41,0,4378,12,40,15,0
5,0,41,0,2573,13,38,15,0
13,0,41,1,3955,43,33,30,0
6,0,41,0,2540,296,23,30,0
15,0,40,2,9295,155,48,30,0
9,0,41,0,13953,11,49,30,0
9,0,41,1,4695,13,30,30,0
8,0,41,0,6098,18,17,30,0
11,0,41,0,2418,19,22,30,0
27,0,41,3,15320,65,37,30,0
6,0,41,1,3275,494,13,30,0
11,0,40,0,15665,161,35,25,0
5,0,40,1,6680,197,31,30,0
2,0,40,0,1055,11,16,25,0
4,0,41,0,890,24,13,30,0
2,0,40,0,180,11,5,25,1
5,0,40,0,7688,395,48,25,0
9,0,40,1,11645,22,52,45,0
10,0,40,1,6898,119,42,25,0
25,1,36,0,1135,27,22,25,1
23,0,39,8,10615,12,47,55,0
15,0,39,1,5998,37,29,25,0
3,0,37,0,3020,11,19,30,0
11,1,38,0,3170,20,21,30,1
11,1,39,0,2448,45,36,30,1
2,1,39,0,313,11,7,30,1
3,0,39,0,1848,11,11,30,0
5,0,36,1,6965,25,27,55,0
2,0,39,0,808,20,9,45,1
2,0,39,1,518,15,7,55,0
27,1,34,3,16255,11,85,25,0
8,0,37,3,7145,282,38,25,0
4,0,39,0,3898,13,33,25,0
5,0,38,0,1845,49,25,30,0
8,0,39,0,2960,186,28,25,0
6,1,30,1,1495,204,16,25,1
6,0,29,0,1748,41,73,45,0
13,0,30,0,880,21,12,25,0
2,0,29,0,1005,32,8,45,0
12,0,28,0,1405,30,18,25,0
4,0,28,0,3405,19,28,30,0
4,0,21,0,1875,39,19,25,0
18,0,20,1,6573,96,47,25,0
14,0,18,0,9113,84,45,45,0
10,0,19,3,3033,42,24,30,0
4,0,12,1,4570,226,15,30,0
5,0,12,1,1668,11,12,30,1
6,0,35,0,4190,0,12,30,0
0,0,36,0,0,0,0,25,0
8,0,34,0,2273,348,19,30,0
8,0,35,0,4018,0,30,15,0
1,0,35,0,2213,0,28,15,0
9,0,35,1,3595,21,23,30,0
2,0,35,0,2180,274,13,30,0
11,0,34,2,8935,133,38,30,0
5,0,35,0,13593,0,39,30,0
5,0,35,1,4335,0,20,30,0
4,0,35,0,5738,0,7,30,0
7,0,35,0,2058,0,12,30,0
23,0,35,3,14960,43,27,30,0
2,0,35,1,2915,472,3,30,0
7,0,34,0,15305,139,25,25,0
1,0,34,1,6320,175,21,30,0
0,0,34,0,695,0,6,25,0
0,0,35,0,530,2,3,30,0
0,1,34,0,0,0,0,25,1
1,0,34,0,7328,373,38,25,0
5,0,34,1,11285,0,42,45,0
6,0,34,1,6538,97,32,25,0
21,1,30,0,775,5,12,25,1
19,0,33,8,10255,0,37,55,0
11,1,33,1,5638,15,19,25,1
0,0,31,0,2660,0,9,30,0
7,0,32,0,2810,0,11,30,1
7,1,33,0,2088,23,26,30,1
0,0,33,0,0,0,0,30,1
0,0,33,0,1488,0,1,30,0
1,0,30,1,6605,3,17,55,0
0,0,33,0,0,0,0,45,1
0,0,33,0,0,0,0,55,0
23,0,28,3,15895,0,75,25,0
4,0,31,3,6785,260,28,25,0
0,0,33,0,3538,0,23,25,0
1,0,32,0,1485,27,15,30,0
4,0,33,0,2600,164,18,25,0
2,0,24,1,1135,182,6,25,0
2,0,23,0,1388,19,63,45,0
9,0,24,0,520,0,2,25,0
0,0,23,0,0,10,0,45,0
8,0,22,0,1045,8,8,25,0
0,0,22,0,3045,0,18,30,0
0,0,15,0,1515,17,9,25,0
14,0,14,1,6213,74,37,25,0
10,0,12,0,8753,62,35,45,0
6,0,13,3,2673,20,14,30,0
0,0,6,1,4210,204,5,30,0
1,0,6,1,1308,0,2,30,1
12,0,38,2,4970,26,32,30,0
4,0,39,0,918,28,19,30,0
14,0,37,2,3053,380,39,30,0
14,0,38,2,4798,22,50,15,0
7,0,38,2,2993,23,48,25,0
15,0,38,3,4375,53,43,30,0
8,0,38,2,2960,306,33,30,0
17,0,37,4,9715,165,58,30,0
11,0,38,2,14373,21,59,30,0
11,0,38,3,5115,23,40,30,0
10,0,38,2,6518,28,27,30,0
13,0,38,0,2838,29,32,30,0
29,0,38,5,15740,75,47,30,0
8,0,38,3,3695,504,23,30,0
13,0,37,2,16085,171,45,25,0
7,0,37,3,7100,207,41,30,0
4,0,37,0,1475,21,26,25,0
6,0,38,0,1310,34,23,30,0
4,0,37,0,600,21,15,25,1
7,0,37,2,8108,405,58,30,0
11,0,37,3,12065,32,62,45,0
12,0,37,3,7318,129,52,25,0
27,1,33,0,1555,37,32,30,1
25,0,36,10,11035,22,57,55,0
17,0,36,3,6418,47,39,25,0
5,0,34,2,3440,21,29,30,0
13,1,35,0,3590,30,31,30,1
13,1,36,0,2868,55,46,30,1
4,0,36,0,733,21,17,30,1
5,0,36,2,2268,21,21,45,0
7,0,33,3,7385,35,37,55,0
4,0,36,0,1228,30,19,45,1
4,0,36,3,938,25,17,55,0
29,0,31,5,16675,21,95,25,0
10,0,34,5,7565,292,48,25,0
6,0,36,2,4318,23,43,30,0
7,1,35,0,2265,59,35,30,1
10,0,36,2,3380,196,38,25,0
8,0,27,3,1915,214,26,25,0
8,0,26,2,2168,51,83,45,0
15,0,27,0,1300,31,22,30,0
4,0,26,0,1425,42,18,45,0
14,0,25,2,1825,40,28,25,0
6,0,25,2,3825,29,38,30,0
6,0,18,2,2295,49,29,25,0
20,0,17,3,6993,106,57,25,0
16,0,15,2,9533,94,55,55,0
12,0,16,5,3453,52,34,30,0
6,0,9,3,4990,236,25,30,0
7,1,9,3,2088,21,22,30,1
4,0,38,0,3770,0,2,25,0
0,0,39,0,0,0,0,25,0
6,0,37,0,1853,338,9,25,0
6,0,38,0,3598,0,20,15,0
0,0,38,0,1793,0,18,15,0
7,0,38,0,3175,11,13,30,0
0,0,38,0,1760,264,3,30,0
9,0,37,0,8515,123,28,30,0
3,0,38,0,13173,0,29,30,0
3,0,38,0,3915,0,10,30,0
2,0,38,0,5318,0,15,25,0
5,0,38,0,1638,0,2,30,0
21,0,38,1,14540,33,17,30,0
0,0,38,0,2495,462,7,30,0
5,0,37,0,14885,129,15,25,0
0,0,37,0,5900,165,11,30,0
0,0,37,0,275,0,1,25,0
0,0,38,0,110,0,1,25,0
0,0,37,0,0,0,0,25,1
0,0,37,0,6908,363,28,25,0
3,0,37,0,10865,0,32,30,0
4,0,37,0,6118,87,22,25,0
19,0,33,0,355,0,2,25,1
17,0,36,6,9835,0,27,45,0
9,1,36,0,5218,5,9,25,1
0,0,34,0,2240,0,4,30,0
5,0,35,0,2390,0,1,30,1
5,0,36,0,1668,13,16,30,1
0,0,36,0,0,0,0,30,1
0,0,36,0,1068,0,3,30,0
0,0,33,0,6185,0,7,45,0
0,0,36,0,0,0,0,45,1
0,0,36,0,0,0,0,55,0
21,0,31,1,15475,0,65,25,0
2,0,34,1,6365,250,18,25,0
0,0,36,0,3118,0,13,25,0
0,0,35,0,1065,17,5,30,0
2,0,36,0,2180,154,8,25,0
0,0,27,0,715,172,1,25,0
0,0,26,0,968,9,53,45,0
7,0,27,0,100,0,3,25,0
0,0,26,0,0,0,0,45,0
6,0,25,0,625,0,2,25,0
0,0,25,0,2625,0,8,30,0
0,0,18,0,1095,7,6,25,0
12,0,17,0,5793,64,27,15,0
8,0,15,0,8333,52,25,45,0
4,0,16,1,2253,10,4,30,0
0,0,9,0,3790,194,23,30,0
0,1,9,0,888,0,3,30,1
8,0,39,1,4485,37,21,30,0
0,0,40,0,433,39,8,30,0
10,0,38,1,2568,391,28,30,0
10,0,39,1,4313,33,39,15,0
3,0,39,1,2508,34,37,25,0
11,0,39,2,3890,64,32,30,0
4,0,39,1,2475,317,22,45,0
13,0,38,3,9230,176,47,30,0
7,0,39,1,13888,32,48,30,0
7,0,39,2,4630,34,29,30,0
6,0,39,1,6033,39,16,30,0
9,1,39,0,2353,40,21,30,0
25,0,39,4,15255,86,36,30,0
4,0,39,2,3210,515,12,45,0
9,0,38,1,15600,182,34,25,0
3,0,38,2,6615,218,30,30,0
0,0,38,0,990,32,15,25,0
2,0,39,0,825,45,12,30,0
0,0,38,0,115,32,4,25,1
3,0,38,1,7623,416,47,30,0
7,0,38,2,11580,43,51,45,0
8,0,38,2,6833,140,41,25,0
23,1,34,0,1070,48,21,30,1
21,0,37,9,10550,33,46,55,0
13,0,37,2,5933,58,28,30,0
1,0,35,1,2955,32,18,30,0
9,1,36,0,3105,41,20,30,1
9,0,37,0,2383,66,35,45,1
0,0,37,0,248,32,6,30,1
1,0,37,1,1783,32,10,45,0
3,0,34,2,6900,46,26,55,0
0,0,37,0,743,41,8,45,1
0,0,37,2,453,36,6,55,0
25,0,32,4,16190,32,84,25,0
6,0,35,4,7080,303,37,30,0
2,0,37,1,3833,34,32,30,0
3,0,36,0,1780,70,24,45,0
6,0,37,1,2895,207,27,25,0
4,0,28,2,1430,225,15,30,0
4,0,27,1,1683,62,72,55,0
11,0,28,0,815,42,11,30,0
0,0,27,0,940,53,7,45,0
10,0,26,1,1340,51,17,25,0
2,0,26,1,3340,40,27,30,0
2,0,19,1,1810,60,18,30,0
16,0,18,2,6508,117,46,25,0
12,0,16,1,9048,105,44,55,0
8,0,17,4,2968,63,23,30,0
2,0,10,2,4505,247,14,30,0
3,0,10,2,1603,32,11,30,1
8,0,37,0,4255,0,13,25,0
0,0,38,0,0,0,0,25,0
10,0,36,0,2338,327,20,25,0
10,0,37,0,4083,0,31,15,0
3,0,37,0,2278,0,29,15,0
11,0,37,0,3660,0,24,25,0
4,0,37,0,2245,253,14,30,0
13,0,36,1,9000,112,39,30,0
7,0,37,0,13658,0,40,30,0
7,0,37,0,4400,0,21,30,0
6,0,37,0,5803,0,8,25,0
9,0,37,0,2123,0,13,30,0
25,0,37,2,15025,22,28,30,0
4,0,37,0,2980,451,4,30,0
9,0,36,0,15370,118,26,25,0
3,0,36,0,6385,154,22,30,0
0,0,36,0,760,0,7,25,0
2,0,37,0,595,0,4,25,0
0,1,36,0,0,0,0,25,1
3,0,36,0,7393,352,39,25,0
7,0,36,0,11350,0,43,30,0
8,0,36,0,6603,76,33,25,0
23,0,32,0,840,0,13,25,1
21,0,35,7,10320,0,38,45,0
13,1,35,0,5703,0,20,25,1
1,0,33,0,2725,0,10,30,0
9,1,34,0,2875,0,12,25,1
9,0,35,0,2153,2,27,30,1
0,0,35,0,0,0,0,25,1
1,0,35,0,1553,0,2,30,0
3,0,32,0,6670,0,18,45,0
0,0,35,0,513,0,3,45,1
0,0,35,0,0,0,0,45,0
25,0,30,2,15960,0,76,25,0
6,0,33,2,6850,239,29,25,0
2,0,35,0,3603,0,24,25,0
3,0,34,0,1550,6,16,30,0
6,0,35,0,2665,143,19,25,0
4,0,26,0,1200,161,7,25,0
4,0,25,0,1453,0,64,45,0
11,0,26,0,585,0,3,25,0
0,0,25,0,710,0,1,45,0
10,0,24,0,1110,0,9,25,0
2,0,24,0,3110,0,19,30,0
2,0,17,0,1580,0,10,25,0
16,0,16,0,6278,53,38,15,0
12,0,14,0,8818,41,36,45,0
8,0,15,2,2738,0,15,30,0
2,0,8,0,4275,183,6,30,0
3,1,8,0,1373,0,3,25,1
10,0,38,0,4560,14,20,30,0
2,0,39,0,508,16,7,25,0
12,0,37,0,2643,368,27,30,0
12,0,38,0,4388,10,38,15,0
5,0,38,0,2583,11,36,15,0
13,0,38,1,3965,41,31,30,0
6,0,38,0,2550,294,21,30,0
15,0,37,2,9305,153,46,30,0
9,0,38,0,13963,9,47,30,0
9,0,38,1,4705,11,28,30,0
8,0,38,0,6108,16,15,30,0
11,1,38,0,2428,17,20,30,0
27,0,38,3,15330,63,35,30,0
6,0,38,1,3285,492,11,30,0
11,0,37,0,15675,159,33,25,0
5,0,37,1,6690,195,29,30,0
2,0,37,0,1065,9,14,25,0
4,0,38,0,900,22,11,30,0
2,0,37,0,190,9,3,25,1
5,0,37,0,7698,393,46,25,0
9,0,37,1,11655,20,50,45,0
10,0,37,1,6908,117,40,25,0
25,1,33,0,1145,25,20,25,1
23,0,36,8,10625,10,45,55,0
15,0,36,1,6008,35,27,25,1
3,0,34,0,3030,9,17,30,0
11,1,35,0,3180,18,19,30,1
11,1,36,0,2458,43,34,30,1
2,0,36,0,323,9,5,30,1
3,0,36,0,1858,9,9,30,0
5,0,33,1,6975,23,25,55,0
2,0,36,0,818,18,7,45,1
2,0,36,1,528,13,5,55,0
27,0,31,3,16265,9,83,25,0
8,0,34,3,7155,280,36,25,0
4,0,36,0,3908,11,31,25,0
5,0,35,0,1855,47,23,30,0
8,0,36,0,2970,184,26,25,0
6,1,27,1,1505,202,14,25,1
6,0,26,0,1758,39,71,45,0
13,0,27,0,890,19,10,25,0
2,0,26,0,1015,30,6,45,0
12,0,25,0,1415,28,16,25,0
4,0,25,0,3415,17,26,30,0
4,0,18,0,1885,37,17,25,0
18,0,17,1,6582,94,45,25,0
14,0,15,0,9122,82,43,45,0
10,0,16,3,3042,40,22,30,0
4,0,9,1,4580,224,13,30,0
5,0,9,1,1677,9,10,30,1
6,0,38,0,4180,0,14,30,0
0,0,39,0,128,0,1,25,0
8,0,37,0,2263,350,21,30,0
8,0,38,0,4008,0,32,15,0
1,0,38,0,2203,0,30,15,0
9,0,38,1,3585,23,25,30,0
2,0,38,0,2170,276,15,30,0
11,0,37,2,8925,135,40,30,0
5,0,38,0,13583,0,41,30,0
5,0,38,1,4325,0,22,30,0
4,0,38,0,5728,0,9,30,0
7,0,38,0,2048,0,14,30,0
23,0,38,3,14950,45,29,30,0
2,0,38,1,2905,474,5,30,0
7,0,37,0,15295,141,27,25,0
1,0,37,1,6310,177,23,30,0
0,0,37,0,685,0,8,25,0
0,0,38,0,520,4,5,30,0
0,0,37,0,0,0,0,25,1
1,0,37,0,7318,375,40,25,0
5,0,37,1,11275,2,44,45,0
6,0,37,1,6528,99,34,25,0
21,0,33,0,765,7,14,25,1
19,0,36,8,10245,0,39,55,0
11,0,36,1,5628,17,21,25,1
0,0,34,0,2650,0,11,30,0
7,1,35,0,2800,0,13,30,1
7,0,36,0,2078,25,28,30,1
0,0,36,0,0,0,0,30,1
0,0,36,0,1478,0,3,30,0
1,0,33,1,6595,5,19,55,0
0,0,36,0,438,0,1,45,1
0,0,36,1,0,0,0,55,0
23,0,31,3,15885,0,77,25,0
4,0,34,3,6775,262,30,25,0
0,0,36,0,3528,0,25,25,0
1,0,35,0,1475,29,17,30,0
4,0,36,0,2590,166,20,25,0
2,0,27,1,1125,184,8,25,0
2,0,26,0,1378,21,65,45,0
9,0,27,0,510,1,4,25,0
0,0,26,0,635,12,1,45,0
8,0,25,0,1035,10,10,25,0
0,0,25,0,3035,0,20,30,0
0,0,18,0,1505,19,11,25,0
14,0,17,1,6202,76,39,25,0
10,0,15,0,8742,64,37,45,0
6,0,16,3,2662,22,16,30,0
0,0,9,1,4200,206,7,30,0
1,0,9,1,1297,0,4,30,1
6,0,33,0,4370,0,16,25,0
0,0,34,0,318,0,3,25,0
8,0,32,0,2453,351,23,25,0
8,0,33,0,4198,0,34,15,0
1,0,33,0,2393,0,32,15,0
9,0,33,0,3775,24,27,25,0
2,0,33,0,2360,277,17,30,0
11,0,32,1,9115,136,42,30,0
5,0,33,0,13773,0,43,30,0
5,0,33,0,4515,0,24,30,0
4,0,33,0,5918,0,11,25,0
7,1,33,0,2238,0,16,30,0
23,0,33,2,15140,46,31,30,0
2,0,33,0,3095,475,7,30,0
7,0,32,0,15485,142,29,25,0
1,0,32,0,6500,178,25,30,0
0,0,32,0,875,0,10,25,0
0,0,33,0,710,5,7,25,0
0,0,32,0,0,0,0,25,1
1,0,32,0,7508,376,42,25,0
5,0,32,0,11465,3,46,30,0
6,0,32,0,6718,100,36,25,0
21,1,28,0,955,8,16,25,1
19,0,31,7,10435,0,41,45,0
11,0,31,0,5818,18,23,25,1
0,0,29,0,2840,0,13,30,0
7,1,30,0,2990,1,15,25,1
7,1,31,0,2268,26,30,30,1
0,1,31,0,0,0,0,25,1
0,0,31,0,1668,0,5,30,0
1,0,28,0,6785,6,21,45,0
0,0,31,0,628,1,3,45,1
0,0,31,0,338,0,1,45,0
23,0,26,2,16075,0,79,25,0
4,0,29,2,6965,263,32,25,0
0,0,31,0,3718,0,27,25,0
1,0,30,0,1665,30,19,30,0
4,0,31,0,2780,167,22,25,0
2,0,22,0,1315,185,10,25,0
2,0,21,0,1568,22,67,45,0
9,0,22,0,700,2,6,25,0
0,0,21,0,825,13,2,45,0
8,0,20,0,1225,11,12,25,0
0,0,20,0,3225,0,22,30,0
0,0,13,0,1695,20,13,25,0
14,0,12,0,6392,77,41,15,0
10,0,10,0,8932,65,39,45,0
6,0,11,2,2852,23,18,30,0
0,0,4,0,4390,207,9,30,0
1,0,4,0,1487,0,6,25,1
10,0,43,1,4370,13,18,30,0
2,0,44,0,318,15,5,30,0
12,0,42,1,2453,367,25,30,0
12,0,43,1,4198,9,36,15,0
5,0,43,1,2393,10,34,25,0
13,0,43,2,3775,40,29,30,0
6,0,43,1,2360,293,19,45,0
15,0,42,3,9115,152,44,30,0
9,0,43,1,13773,8,45,30,0
9,0,43,2,4515,10,26,30,0
8,0,43,1,5918,15,13,30,0
11,1,43,0,2238,16,18,30,0
27,0,43,4,15140,62,33,30,0
6,0,43,2,3095,491,9,45,0
11,0,42,1,15485,158,31,25,0
5,0,42,2,6500,194,27,30,0
2,0,42,0,875,8,12,25,0
4,0,43,0,710,21,9,30,0
0,0,42,0,0,8,0,25,1
5,0,42,1,7508,392,44,30,0
9,0,42,2,11465,19,48,45,0
10,0,42,2,6718,116,38,25,0
25,1,38,0,955,24,18,30,1
23,0,41,9,10435,9,43,55,0
15,0,41,2,5818,34,25,30,0
3,0,39,1,2840,8,15,30,0
11,0,40,0,2990,17,17,30,1
11,1,41,0,2268,42,32,45,1
2,0,41,0,133,8,3,30,1
3,0,41,1,1668,8,7,45,0
5,0,38,2,6785,22,23,55,0
2,0,41,0,628,17,5,45,1
2,0,41,2,338,12,3,55,0
27,0,36,4,16075,8,81,25,0
8,0,39,4,6965,279,34,30,0
4,0,41,1,3718,10,29,30,0
5,0,40,0,1665,46,21,45,0
8,0,41,1,2780,183,24,25,0
6,1,32,2,1315,201,12,30,1
6,0,31,1,1568,38,69,55,0
13,0,32,0,700,18,8,30,0
2,0,31,0,825,29,4,45,0
12,0,30,1,1225,27,14,25,0
4,0,30,1,3225,16,24,30,0
4,0,23,1,1695,36,15,30,0
18,0,22,2,6392,93,43,25,0
14,0,20,1,8932,81,41,55,0
10,0,21,4,2852,39,20,30,0
4,0,14,2,4390,223,11,30,0
5,1,14,2,1487,8,8,30,1
14,0,39,1,5080,30,17,30,0
6,0,40,0,1028,15,4,30,0
16,0,38,1,3163,367,24,30,0
16,0,39,1,4908,9,35,15,0
9,0,39,1,3103,10,33,25,0
17,0,39,2,4485,40,28,30,0
10,0,39,1,3070,293,18,30,0
19,0,38,3,9825,152,43,30,0
13,0,39,1,14483,8,44,30,0
13,0,39,2,5225,10,25,30,0
12,0,39,1,6628,15,12,30,0
15,0,39,0,2948,16,17,30,0
31,1,39,4,15850,62,32,30,0
10,0,39,2,3805,491,8,30,0
15,0,38,1,16195,158,30,25,0
9,0,38,2,7210,194,26,30,0
6,0,38,0,1585,8,11,25,0
8,0,39,0,1420,21,8,30,0
6,0,38,0,710,8,2,25,1
9,0,38,1,8218,392,43,30,0
13,0,38,2,12175,19,47,45,0
14,0,38,2,7428,116,37,25,0
29,1,34,0,1665,24,17,30,1
27,0,37,9,11145,9,42,55,0
19,0,37,2,6528,34,24,25,0
7,0,35,1,3550,8,14,30,0
15,1,36,0,3700,17,16,30,1
15,1,37,0,2978,42,31,30,1
6,0,37,0,843,8,2,30,1
7,0,37,1,2378,8,6,45,0
9,0,34,2,7495,22,22,55,0
6,1,37,0,1338,17,4,45,1
6,0,37,2,1048,12,2,55,0
31,1,32,4,16785,8,80,25,0
12,1,35,4,7675,279,33,30,0
8,0,37,1,4428,10,28,30,0
9,0,36,0,2375,46,20,30,0
12,0,37,1,3490,183,23,25,0
10,0,28,2,2025,201,11,30,0
10,0,27,1,2278,38,68,45,0
17,0,28,0,1410,18,7,30,0
6,0,27,0,1535,29,3,45,0
16,0,26,1,1935,27,13,25,0
8,0,26,1,3935,16,23,30,0
8,0,19,1,2405,36,14,25,0
22,0,18,2,7102,93,42,25,0
18,0,16,1,9642,81,40,55,0
14,0,17,4,3562,39,19,30,0
8,0,10,2,5100,223,10,30,0
9,0,10,2,2197,8,7,30,1
2,0,37,0,3660,0,17,25,0
0,0,38,0,0,0,0,25,0
4,0,36,0,1743,334,24,25,0
4,0,37,0,3488,0,35,15,0
0,0,37,0,1683,0,33,15,0
5,0,37,0,3065,7,28,30,0
0,0,37,0,1650,260,18,30,0
7,0,36,1,8405,119,43,30,0
1,0,37,0,13063,0,44,30,0
1,0,37,0,3805,0,25,30,0
0,0,37,0,5208,0,12,25,0
3,0,37,0,1528,0,17,30,0
19,0,37,2,14430,29,32,30,0
0,0,37,0,2385,458,8,30,0
3,0,36,0,14775,125,30,25,0
0,0,36,0,5790,161,26,30,0
0,0,36,0,165,0,11,25,0
0,0,37,0,0,0,0,25,0
0,0,36,0,0,0,0,25,1
0,0,36,0,6798,359,43,25,0
1,0,36,0,10755,0,47,30,0
2,0,36,0,6008,83,37,25,0
17,0,32,0,245,0,17,25,1
15,0,35,7,9725,0,42,45,0
7,0,35,0,5108,1,24,25,1
0,0,33,0,2130,0,14,30,0
3,1,34,0,2280,0,16,25,1
3,0,35,0,1558,9,31,30,1
0,0,35,0,0,0,0,30,1
0,0,35,0,958,0,6,30,0
0,0,32,0,6075,0,22,45,0
0,0,35,0,0,0,0,45,1
0,0,35,0,0,0,0,55,0
19,0,30,2,15365,0,80,25,0
0,0,33,2,6255,246,33,25,0
0,0,35,0,3008,0,28,25,0
0,0,34,0,955,13,20,30,0
0,0,35,0,2070,150,23,25,0
0,0,26,0,605,168,11,25,0
0,0,25,0,858,5,68,45,0
0,0,26,0,0,0,0,25,0
0,0,25,0,0,0,0,45,0
4,0,24,0,515,0,13,25,0
0,0,24,0,2515,0,23,30,0
0,0,17,0,985,3,14,25,0
10,0,16,0,5682,60,42,15,0
6,0,14,0,8222,48,40,45,0
2,0,15,2,2142,6,19,30,0
0,0,8,0,3680,190,10,30,0
0,0,8,0,777,0,7,30,1
8,0,38,0,4370,5,17,30,0
0,0,39,0,318,7,4,25,0
10,0,37,0,2453,359,24,30,0
10,0,38,0,4198,1,35,15,0
3,0,38,0,2393,2,33,15,0
11,0,38,1,3775,32,28,30,0
4,0,38,0,2360,285,18,30,0
13,0,37,2,9115,144,43,30,0
7,0,38,0,13773,0,44,30,0
7,0,38,1,4515,2,25,30,0
6,0,38,0,5918,7,12,30,0
9,1,38,0,2238,8,17,30,0
25,0,38,3,15140,54,32,30,0
4,0,38,1,3095,483,8,30,0
9,0,37,0,15485,150,30,25,0
3,0,37,1,6500,186,26,30,0
0,0,37,0,875,0,11,25,0
2,0,38,0,710,13,8,30,0
0,0,37,0,0,0,0,25,1
3,0,37,0,7508,384,43,25,0
7,0,37,1,11465,11,47,45,0
8,0,37,1,6718,108,37,25,0
23,0,33,0,955,16,17,25,1
21,1,36,8,10435,1,42,55,0
13,0,36,1,5818,26,24,25,1
1,0,34,0,2840,0,14,30,0
9,1,35,0,2990,9,16,30,1
9,0,36,0,2268,34,31,30,1
0,0,36,0,133,0,2,30,1
1,0,36,0,1668,0,6,30,0
3,0,33,1,6785,14,22,55,0
0,0,36,0,628,9,4,45,1
0,0,36,1,338,4,2,55,0
25,0,31,3,16075,0,80,25,0
6,0,34,3,6965,271,33,25,0
2,0,36,0,3718,2,28,25,0
3,0,35,0,1665,38,20,30,0
6,0,36,0,2780,175,23,25,0
4,1,27,1,1315,193,11,25,1
4,0,26,0,1568,30,68,45,0
11,0,27,0,700,10,7,25,0
0,0,26,0,825,21,3,45,0
10,0,25,0,1225,19,13,25,0
2,0,25,0,3225,8,23,30,0
2,0,18,0,1695,28,14,25,0
16,0,17,1,6392,85,42,25,0
12,0,15,0,8932,73,40,45,0
8,0,16,3,2852,31,19,30,0
2,0,9,1,4390,215,10,30,0
3,0,9,1,1487,0,7,30,1
8,0,38,0,4370,5,17,30,0
0,0,39,0,318,7,4,25,0
10,0,37,0,2453,359,24,30,0
10,0,38,0,4198,1,35,15,0
3,0,38,0,2393,2,33,15,0
11,0,38,1,3775,32,28,30,0
4,0,38,0,2360,285,18,30,0
13,0,37,2,9115,144,43,30,0
7,0,38,0,13773,0,44,30,0
7,0,38,1,4515,2,25,30,0
6,0,38,0,5918,7,12,30,0
9,1,38,0,2238,8,17,30,0
25,0,38,3,15140,54,32,30,0
4,0,38,1,3095,483,8,30,0
9,0,37,0,15485,150,30,25,0
3,0,37,1,6500,186,26,30,0
0,0,37,0,875,0,11,25,0
2,0,38,0,710,13,8,30,0
0,0,37,0,0,0,0,25,1
3,0,37,0,7508,384,43,25,0
7,0,37,1,11465,11,47,45,0
8,0,37,1,6718,108,37,25,0
23,1,33,0,955,16,17,25,1
21,0,36,8,10435,1,42,55,0
13,1,36,1,5818,26,24,25,1
1,0,34,0,2840,0,14,30,0
9,0,35,0,2990,9,16,30,1
9,0,36,0,2268,34,31,30,1
0,0,36,0,133,0,2,30,1
1,0,36,0,1668,0,6,30,0
3,0,33,1,6785,14,22,55,0
0,0,36,0,628,9,4,45,1
0,0,36,1,338,4,2,55,0
25,1,31,3,16075,0,80,25,0
6,0,34,3,6965,271,33,25,0
2,0,36,0,3718,2,28,25,0
3,0,35,0,1665,38,20,30,0
6,0,36,0,2780,175,23,25,0
4,0,27,1,1315,193,11,25,0
4,0,26,0,1568,30,68,45,0
11,0,27,0,700,10,7,25,0
0,0,26,0,825,21,3,45,0
10,0,25,0,1225,19,13,25,0
2,0,25,0,3225,8,23,30,0
2,0,18,0,1695,28,14,25,0
16,0,17,1,6392,85,42,25,0
12,0,15,0,8932,73,40,45,0
8,0,16,3,2852,31,19,30,0
2,0,9,1,4390,215,10,30,0
3,1,9,1,1487,0,7,30,1
3,0,36,0,4065,0,15,25,0
0,0,37,0,0,0,0,25,0
5,0,35,0,2148,352,22,25,0
5,0,36,0,3893,0,33,15,0
0,0,36,0,2088,0,31,15,0
6,0,36,0,3470,25,26,25,0
0,0,36,0,2055,278,16,30,0
8,0,35,1,8810,137,41,30,0
2,0,36,0,13468,0,42,30,0
2,0,36,0,4210,0,23,30,0
1,0,36,0,5613,0,10,25,0
4,0,36,0,1933,1,15,30,0
20,0,36,2,14835,47,30,30,0
0,0,36,0,2790,476,6,30,0
4,0,35,0,15180,143,28,25,0
0,0,35,0,6195,179,24,30,0
0,0,35,0,570,0,9,25,0
0,0,36,0,405,6,6,25,0
0,0,35,0,0,0,0,25,1
0,0,35,0,7203,377,41,25,0
2,0,35,0,11160,4,45,30,0
3,0,35,0,6413,101,35,25,0
18,0,31,0,650,9,15,25,1
16,0,34,7,10130,0,40,45,0
8,1,34,0,5513,19,22,25,1
0,0,32,0,2535,0,12,30,0
4,0,33,0,2685,2,14,25,1
4,0,34,0,1963,27,29,30,1
0,1,34,0,0,0,0,30,1
0,0,34,0,1363,0,4,30,0
0,0,31,0,6480,7,20,45,0
0,0,34,0,323,2,2,45,1
0,0,34,0,0,0,0,55,0
20,0,29,2,15770,0,78,25,0
1,0,32,2,6660,264,31,25,0
0,0,34,0,3413,0,26,25,0
0,0,33,0,1360,31,18,30,0
1,0,34,0,2475,168,21,25,0
0,1,25,0,1010,186,9,25,1
0,0,24,0,1263,23,66,45,0
6,0,25,0,395,3,5,25,0
0,0,24,0,520,14,1,45,0
5,0,23,0,920,12,11,25,0
0,0,23,0,2920,1,21,30,0
0,0,16,0,1390,21,12,25,0
11,0,15,0,6088,78,40,15,0
7,0,13,0,8628,66,38,45,0
3,0,14,2,2548,24,17,30,0
0,0,7,0,4085,208,8,30,0
0,1,7,0,1183,0,5,25,1
6,0,38,0,4125,3,17,25,0
0,0,39,0,73,5,4,25,0
8,0,37,0,2208,357,24,25,0
8,0,38,0,3953,0,35,15,0
1,0,38,0,2148,0,33,15,0
9,0,38,1,3530,30,28,30,0
2,0,38,0,2115,283,18,30,0
11,0,37,2,8870,142,43,30,0
5,0,38,0,13528,0,44,30,0
5,0,38,1,4270,0,25,30,0
4,0,38,0,5673,5,12,25,0
7,0,38,0,1993,6,17,30,0
23,0,38,3,14895,52,32,30,0
2,0,38,1,2850,481,8,30,0
7,0,37,0,15240,148,30,25,0
1,0,37,1,6255,184,26,30,0
0,0,37,0,630,0,11,25,0
0,0,38,0,465,11,8,25,0
0,0,37,0,0,0,0,25,1
1,0,37,0,7263,382,43,25,0
5,0,37,1,11220,9,47,30,0
6,0,37,1,6473,106,37,25,0
21,1,33,0,710,14,17,25,1
19,0,36,8,10190,0,42,45,0
11,1,36,1,5573,24,24,25,1
0,0,34,0,2595,0,14,30,0
7,0,35,0,2745,7,16,30,1
7,1,36,0,2023,32,31,30,1
0,0,36,0,0,0,0,30,1
0,0,36,0,1423,0,6,30,0
1,0,33,1,6540,12,22,45,0
0,0,36,0,383,7,4,45,1
0,0,36,1,93,2,2,55,0
23,0,31,3,15830,0,80,25,0
4,0,34,3,6720,269,33,25,0
0,0,36,0,3473,0,28,25,0
1,0,35,0,1420,36,20,30,0
4,0,36,0,2535,173,23,25,0
2,1,27,1,1070,191,11,25,0
2,0,26,0,1323,28,68,45,0
9,0,27,0,455,8,7,25,0
0,0,26,0,580,19,3,45,0
8,0,25,0,980,17,13,25,0
0,0,25,0,2980,6,23,30,0
0,0,18,0,1450,26,14,25,0
14,1,17,1,6148,83,42,15,0
10,0,15,0,8688,71,40,45,0
6,0,16,3,2608,29,19,30,0
0,0,9,1,4145,213,10,30,0
1,1,9,1,1243,0,7,30,1
0,0,34,0,4005,0,13,25,0
0,0,35,0,0,0,0,25,0
2,0,33,0,2088,347,20,25,0
2,0,34,0,3833,0,31,25,0
0,0,34,0,2028,0,29,15,0
3,0,34,0,3410,20,24,25,0
0,0,34,0,1995,273,14,30,0
5,0,33,0,8750,132,39,30,0
0,0,34,0,13408,0,40,30,0
0,0,34,0,4150,0,21,30,0
0,0,34,0,5553,0,8,25,0
1,0,34,0,1873,0,13,30,0
17,0,34,1,14775,42,28,25,0
0,0,34,0,2730,471,4,30,0
1,0,33,0,15120,138,26,25,0
0,0,33,0,6135,174,22,30,0
0,0,33,0,510,0,7,25,0
0,0,34,0,345,1,4,25,0
0,0,33,0,0,0,0,25,1
0,0,33,0,7143,372,39,25,0
0,0,33,0,11100,0,43,30,0
0,0,33,0,6353,96,33,25,0
15,0,29,0,590,4,13,25,1
13,0,32,6,10070,0,38,45,0
5,1,32,0,5453,14,20,25,1
0,0,30,0,2475,0,10,30,0
1,1,31,0,2625,0,12,25,1
1,0,32,0,1903,22,27,30,1
0,1,32,0,0,0,0,25,1
0,0,32,0,1303,0,2,30,0
0,0,29,0,6420,2,18,45,0
0,0,32,0,263,0,1,30,1
0,0,32,0,0,0,0,45,0
17,0,27,1,15710,0,76,25,0
0,0,30,1,6600,259,29,25,0
0,0,32,0,3353,0,24,25,0
0,0,31,0,1300,26,16,30,0
0,0,32,0,2415,163,19,25,0
0,0,23,0,950,181,7,25,0
0,0,22,0,1203,18,64,45,0
3,0,23,0,335,0,3,25,0
0,0,22,0,0,9,0,45,0
2,0,21,0,860,7,9,25,0
0,0,21,0,2860,0,19,30,0
0,0,14,0,1330,16,10,25,0
8,0,13,0,6028,73,38,15,0
4,0,11,0,8568,61,36,45,0
0,0,12,1,2488,19,15,30,0
0,0,5,0,4025,203,6,30,0
0,1,5,0,1123,0,3,25,1
4,0,40,0,4145,8,19,25,0
0,0,41,0,93,10,6,25,0
6,0,39,0,2228,362,26,25,0
6,0,40,0,3973,4,37,25,0
0,0,40,0,2168,5,35,15,0
7,0,40,1,3550,35,30,30,0
0,0,40,0,2135,288,20,30,0
9,0,39,2,8890,147,45,30,0
3,0,40,0,13548,3,46,30,0
3,0,40,1,4290,5,27,30,0
2,0,40,0,5693,10,14,25,0
5,0,40,0,2013,11,19,30,0
21,0,40,3,14915,57,34,30,0
0,0,40,1,2870,486,10,30,0
5,0,39,0,15260,153,32,25,0
0,0,39,1,6275,189,28,30,0
0,0,39,0,650,3,13,25,0
0,0,40,0,485,16,10,25,0
0,0,39,0,0,3,0,25,1
0,0,39,0,7283,387,45,25,0
3,0,39,1,11240,14,49,30,0
4,0,39,1,6493,111,39,25,0
19,0,35,0,730,19,19,25,1
17,0,38,8,10210,4,44,45,0
9,0,38,1,5593,29,26,25,1
0,0,36,0,2615,3,16,30,0
5,1,37,0,2765,12,18,25,1
5,0,38,0,2043,37,33,30,1
0,0,38,0,0,3,0,30,1
0,0,38,0,1443,3,8,30,0
0,0,35,1,6560,17,24,45,0
0,1,38,0,403,12,6,45,1
0,0,38,1,0,7,0,55,0
21,0,33,3,15850,3,82,25,0
2,0,36,3,6740,274,35,25,0
0,0,38,0,3493,5,30,25,0
0,0,37,0,1440,41,22,30,0
2,0,38,0,2555,178,25,25,0
0,0,29,1,1090,196,13,25,0
0,0,28,0,1343,33,70,45,0
7,0,29,0,475,13,9,25,0
0,0,28,0,600,24,5,45,0
6,0,27,0,1000,22,15,25,0
0,0,27,0,3000,11,25,30,0
0,0,20,0,1470,31,16,25,0
12,0,19,1,6168,88,44,15,0
8,0,17,0,8708,76,42,45,0
4,0,18,3,2628,34,21,30,0
0,0,11,1,4165,218,12,30,0
0,1,11,1,1263,3,9,30,1
2,0,32,0,3985,0,11,25,0
0,0,33,0,0,0,0,25,0
4,0,31,0,2068,342,18,25,0
4,0,32,0,3813,0,29,15,0
0,0,32,0,2008,0,27,15,0
5,0,32,0,3390,15,22,25,0
0,0,32,0,1975,268,12,30,0
7,0,31,0,8730,127,37,30,0
1,0,32,0,13388,0,38,30,0
1,0,32,0,4130,0,19,30,0
0,0,32,0,5533,0,6,25,0
3,0,32,0,1853,0,11,30,0
19,0,32,1,14755,37,26,30,0
0,0,32,0,2710,466,2,30,0
3,0,31,0,15100,133,24,25,0
0,0,31,0,6115,169,20,30,0
0,0,31,0,490,0,5,25,0
0,0,32,0,325,0,2,25,0
0,0,31,0,0,0,0,25,1
0,0,31,0,7123,367,37,25,0
1,0,31,0,11080,0,41,30,0
2,0,31,0,6333,91,31,25,0
17,0,27,0,570,0,11,25,1
15,0,30,6,10050,0,36,45,0
7,0,30,0,5433,9,18,25,1
0,0,28,0,2455,0,8,30,0
3,1,29,0,2605,0,10,25,1
3,0,30,0,1883,17,25,30,1
0,0,30,0,0,0,0,25,1
0,0,30,0,1283,0,5,30,0
0,0,27,0,6400,0,16,45,0
0,1,30,0,0,0,0,45,1
0,0,30,0,0,0,0,45,0
19,0,25,1,15690,0,74,25,0
0,0,28,1,6580,254,27,25,0
0,0,30,0,3333,0,22,25,0
0,0,29,0,1280,21,14,30,0
0,0,30,0,2395,158,17,25,0
0,0,21,0,930,176,5,25,0
0,0,20,0,1183,13,62,45,0
5,0,21,0,315,0,1,25,0
0,0,20,0,0,4,0,45,0
4,0,19,0,840,2,7,25,0
0,0,19,0,2840,0,17,30,0
0,0,12,0,1310,11,8,25,0
10,0,11,0,6008,68,36,15,0
6,0,9,0,8548,56,34,45,0
2,0,10,1,2468,14,13,30,0
0,0,3,0,4005,198,4,30,0
0,0,3,0,1103,0,1,25,1
8,0,42,0,4325,13,21,30,0
0,0,43,0,273,15,8,25,0
10,0,41,0,2408,367,28,30,0
10,0,42,0,4153,9,39,15,0
3,0,42,0,2348,10,37,15,0
11,0,42,1,3730,40,32,30,0
4,0,42,0,2315,293,22,30,0
13,0,41,2,9070,152,47,30,0
7,0,42,0,13728,8,48,30,0
7,0,42,1,4470,10,29,30,0
6,0,42,0,5873,15,16,30,0
9,1,42,0,2193,16,21,30,0
25,0,42,3,15095,62,36,30,0
4,0,42,1,3050,491,12,30,0
9,0,41,0,15440,158,34,25,0
3,0,41,1,6455,194,30,30,0
0,0,41,0,830,8,15,25,0
2,0,42,0,665,21,12,30,0
0,0,41,0,0,8,0,25,1
3,0,41,0,7463,392,47,25,0
7,0,41,1,11420,19,51,45,0
8,0,41,1,6673,116,41,25,0
23,1,37,0,910,24,21,25,1
21,1,40,8,10390,9,46,55,0
13,0,40,1,5773,34,28,25,0
1,0,38,0,2795,8,18,30,0
9,1,39,0,2945,17,20,30,1
9,0,40,0,2223,42,35,30,1
0,0,40,0,88,8,6,30,1
1,0,40,0,1623,8,10,30,0
3,0,37,1,6740,22,26,55,0
0,1,40,0,583,17,8,45,1
0,0,40,1,293,12,6,55,0
25,0,35,3,16030,8,84,25,0
6,0,38,3,6920,279,37,25,0
2,0,40,0,3673,10,32,25,0
3,0,39,0,1620,46,24,30,0
6,0,40,0,2735,183,27,25,0
4,0,31,1,1270,201,15,25,0
4,0,30,0,1523,38,72,45,0
11,0,31,0,655,18,11,25,0
0,0,30,0,780,29,7,45,0
10,0,29,0,1180,27,17,25,0
2,0,29,0,3180,16,27,30,0
2,0,22,0,1650,36,18,25,0
16,0,21,1,6348,93,46,25,0
12,0,19,0,8888,81,44,45,0
8,0,20,3,2808,39,23,30,0
2,0,13,1,4345,223,14,30,0
3,0,13,1,1443,8,11,30,1
0,0,30,0,3805,0,9,25,0
0,0,31,0,0,0,0,25,0
0,0,29,0,1888,337,16,25,0
0,0,30,0,3633,0,27,15,0
0,0,30,0,1828,0,25,15,0
1,0,30,0,3210,10,20,25,0
0,0,30,0,1795,263,10,30,0
3,0,29,0,8550,122,35,30,0
0,0,30,0,13208,0,36,30,0
0,0,30,0,3950,0,17,30,0
0,0,30,0,5353,0,4,25,0
0,0,30,0,1673,0,9,30,0
15,0,30,1,14575,32,24,25,0
0,0,30,0,2530,461,7,30,0
0,0,29,0,14920,128,22,25,0
0,0,29,0,5935,164,18,30,0
0,0,29,0,0,0,0,25,0
0,0,30,0,0,0,0,25,0
0,0,29,0,0,0,0,25,1
0,0,29,0,6943,362,35,25,0
0,0,29,0,10900,0,39,30,0
0,0,29,0,6153,86,29,25,0
13,1,25,0,390,0,9,25,1
11,0,28,6,9870,0,34,45,0
3,0,28,0,5253,4,16,25,1
0,0,26,0,2275,0,6,30,0
0,1,27,0,2425,0,8,25,1
0,1,28,0,1703,12,23,30,1
0,0,28,0,0,0,0,25,1
0,0,28,0,0,0,0,30,0
0,0,25,0,6220,0,14,45,0
0,0,28,0,0,0,0,30,1
0,1,28,0,0,0,0,45,1
15,0,23,1,15510,0,72,25,0
0,0,26,1,6400,249,25,25,0
0,0,28,0,3153,0,20,25,0
0,0,27,0,1100,16,12,30,0
0,0,28,0,2215,153,15,25,0
0,0,19,0,750,171,3,25,0
0,0,18,0,1003,8,60,45,0
0,0,19,0,0,0,0,25,0
0,0,18,0,0,0,0,45,0
0,0,17,0,660,0,5,25,0
0,0,17,0,2660,0,15,30,0
0,0,10,0,1130,6,6,25,0
6,0,9,0,5828,63,34,15,0
2,0,7,0,8368,51,32,45,0
0,0,8,1,2288,9,11,30,0
0,0,3,0,3825,193,2,25,0
0,0,3,0,0,0,0,25,1
5,0,39,0,4245,9,20,25,0
0,0,40,0,193,11,7,25,0
7,0,38,0,2328,363,27,25,0
7,0,39,0,4073,5,38,15,0
0,0,39,0,2268,6,36,15,0
8,0,39,0,3650,36,31,25,0
1,0,39,0,2235,289,21,30,0
10,0,38,1,8990,148,46,30,0
4,0,39,0,13648,4,47,30,0
4,0,39,0,4390,6,28,30,0
3,0,39,0,5793,11,15,25,0
6,0,39,0,2113,12,20,30,0
22,0,39,2,15015,58,35,30,0
1,0,39,0,2970,487,11,30,0
6,0,38,0,15360,154,33,25,0
0,0,38,0,6375,190,29,30,0
0,0,38,0,750,4,14,25,0
0,0,39,0,585,17,11,25,0
0,0,38,0,0,4,0,25,1
0,0,38,0,7383,388,46,25,0
4,0,38,0,11340,15,50,30,0
5,0,38,0,6593,112,40,25,0
20,1,34,0,830,20,20,25,1
18,0,37,7,10310,5,45,45,0
10,0,37,0,5693,30,27,25,1
0,0,35,0,2715,4,17,30,0
6,1,36,0,2865,13,19,25,1
6,1,37,0,2143,38,34,30,1
0,0,37,0,8,4,5,30,1
0,0,37,0,1543,4,9,30,0
0,0,34,0,6660,18,25,45,0
0,1,37,0,503,13,7,45,1
0,0,37,0,213,8,5,55,0
22,0,32,2,15950,4,83,25,0
3,0,35,2,6840,275,36,25,0
0,0,37,0,3593,6,31,25,0
0,0,36,0,1540,42,23,30,0
3,0,37,0,2655,179,26,25,0
1,0,28,0,1190,197,14,25,0
1,0,27,0,1443,34,71,45,0
8,0,28,0,575,14,10,25,0
0,0,27,0,700,25,6,45,0
7,0,26,0,1100,23,16,25,0
0,0,26,0,3100,12,26,30,0
0,0,19,0,1570,32,17,25,0
13,0,18,0,6268,89,45,15,0
9,0,16,0,8808,77,43,45,0
5,0,17,2,2728,35,22,30,0
0,0,10,0,4265,219,13,30,0
0,1,10,0,1363,4,10,25,1
1,0,33,0,3885,0,10,25,0
0,0,34,0,0,0,0,25,0
3,0,32,0,1968,341,17,25,0
3,0,33,0,3713,0,28,15,0
0,0,33,0,1908,0,26,15,0
4,0,33,0,3290,14,21,25,0
0,0,33,0,1875,267,11,30,0
6,0,32,1,8630,126,36,30,0
0,0,33,0,13288,0,37,30,0
0,0,33,0,4030,0,18,30,0
0,0,33,0,5433,0,5,25,0
2,0,33,0,1753,0,10,30,0
18,0,33,2,14655,36,25,30,0
0,0,33,0,2610,465,1,30,0
2,0,32,0,15000,132,23,25,0
0,0,32,0,6015,168,19,30,0
0,0,32,0,0,0,0,25,0
0,0,33,0,0,0,0,25,0
0,0,32,0,0,0,0,25,1
0,0,32,0,7023,366,36,25,0
0,0,32,0,10980,0,40,30,0
1,0,32,0,6233,90,30,25,0
16,0,28,0,470,0,10,25,1
14,0,31,7,9950,0,35,45,0
6,1,31,0,5333,8,17,25,1
0,0,29,0,2355,0,7,30,0
2,1,30,0,2505,0,9,25,1
2,0,31,0,1783,16,24,30,1
0,0,31,0,0,0,0,30,1
0,0,31,0,0,0,0,30,0
0,0,28,0,6300,0,15,45,0
0,0,31,0,0,0,0,45,1
0,0,31,0,0,0,0,55,0
18,0,26,2,15590,0,73,25,0
0,0,29,2,6480,253,26,25,0
0,0,31,0,3233,0,21,25,0
0,0,30,0,1180,20,13,30,0
0,0,31,0,2295,157,16,25,0
0,0,22,0,830,175,4,25,0
0,0,21,0,1083,12,61,45,0
4,0,22,0,215,0,3,25,0
0,0,21,0,0,3,0,45,0
3,0,20,0,740,1,6,25,0
0,0,20,0,2740,0,16,30,0
0,0,13,0,1210,10,7,25,0
9,0,12,0,5908,67,35,15,0
5,0,10,0,8448,55,33,45,0
1,0,11,2,2368,13,12,30,0
0,0,4,0,3905,197,3,30,0
0,0,4,0,1003,0,4,25,1
7,0,36,1,4665,19,30,25,0
0,0,37,0,613,21,17,25,0
9,0,35,1,2748,373,37,25,0
9,0,36,1,4493,15,48,15,0
2,0,36,1,2688,16,46,15,0
10,0,36,2,4070,46,41,30,0
3,0,36,1,2655,299,31,30,0
12,0,35,3,9410,158,56,30,0
6,0,36,1,14068,14,57,30,0
6,0,36,2,4810,16,38,30,0
5,0,36,1,6213,21,25,25,0
8,0,36,0,2533,22,30,30,0
24,0,36,4,15435,68,45,30,0
3,0,36,2,3390,497,21,30,0
8,0,35,1,15780,164,43,25,0
2,0,35,2,6795,200,39,30,0
0,0,35,0,1170,14,24,25,0
1,0,36,0,1005,27,21,25,0
0,1,35,0,295,14,13,25,1
2,0,35,1,7803,398,56,25,0
6,0,35,2,11760,25,60,30,0
7,0,35,2,7013,122,50,25,0
22,0,31,0,1250,30,30,25,1
20,0,34,9,10730,15,55,45,0
12,0,34,2,6113,40,37,25,0
0,0,32,1,3135,14,27,30,0
8,0,33,0,3285,23,29,25,1
8,1,34,0,2563,48,44,30,1
0,0,34,0,428,14,15,30,1
0,0,34,1,1963,14,19,30,0
2,0,31,2,7080,28,35,45,0
0,0,34,0,923,23,17,45,1
0,0,34,2,633,18,15,55,0
24,0,29,4,16370,14,93,25,0
5,0,32,4,7260,285,46,25,0
1,0,34,1,4013,16,41,25,0
2,1,33,0,1960,52,33,30,1
5,0,34,1,3075,189,36,25,0
3,0,25,2,1610,207,24,25,0
3,0,24,1,1863,44,81,45,0
10,0,25,0,995,24,20,25,0
0,0,24,0,1120,35,16,45,0
9,0,23,1,1520,33,26,25,0
1,0,23,1,3520,22,36,30,0
1,0,16,1,1990,42,27,25,0
15,0,15,2,6688,99,55,15,0
11,0,13,1,9228,87,53,45,0
7,0,14,4,3148,45,32,30,0
1,0,7,2,4685,229,23,30,0
2,1,7,2,1783,14,20,30,1
0,0,36,0,3465,0,10,25,0
0,0,37,0,0,0,0,25,0
1,0,35,0,1548,331,7,25,0
1,0,36,0,3293,0,18,15,0
0,0,36,0,1488,0,16,15,0
2,0,36,0,2870,4,11,25,0
0,0,36,0,1455,257,1,30,0
4,0,35,0,8210,116,26,30,0
0,0,36,0,12868,0,27,30,0
0,0,36,0,3610,0,8,30,0
0,0,36,0,5013,0,13,25,0
0,0,36,0,1333,0,4,30,0
16,0,36,0,14235,26,15,30,0
0,0,36,0,2190,455,5,30,0
0,0,35,0,14580,122,13,25,0
0,0,35,0,5595,158,9,30,0
0,0,35,0,0,0,0,25,0
0,0,36,0,0,0,0,25,0
0,0,35,0,0,0,0,25,1
0,0,35,0,6603,356,26,25,0
0,0,35,0,10560,0,30,30,0
0,0,35,0,5813,80,20,25,0
7,0,31,0,50,0,1,25,1
12,0,34,5,9530,0,25,45,0
4,0,34,0,4913,0,7,25,1
0,0,32,0,1935,0,2,30,0
0,0,33,0,2085,0,9,25,1
0,1,34,0,1363,6,14,30,1
0,0,34,0,0,0,0,25,1
0,0,34,0,0,0,0,30,0
0,0,31,0,5880,0,5,45,0
0,1,34,0,0,0,0,45,1
0,0,34,0,0,0,0,45,0
16,0,29,0,15170,0,63,25,0
0,0,32,0,6060,243,16,25,0
0,0,34,0,2813,0,11,25,0
0,0,33,0,760,10,3,30,0
0,0,34,0,1875,147,6,25,0
0,0,25,0,1903,165,8,25,0
0,0,24,0,663,2,51,45,0
0,0,25,0,0,0,0,25,0
0,0,24,0,0,0,0,45,0
0,0,23,0,0,0,0,25,0
0,0,23,0,2320,0,6,30,0
0,0,16,0,0,0,0,25,0
7,0,15,0,5488,57,25,15,0
3,0,13,0,8028,45,23,45,0
0,0,14,0,1948,3,2,30,0
0,0,7,0,3485,187,21,30,0
0,0,7,0,0,0,0,25,1
3,0,37,0,4180,30,19,30,0
0,0,38,0,128,32,6,30,0
5,0,36,0,2263,384,26,30,0
5,0,37,0,4008,26,37,15,0
0,0,37,0,2203,27,35,25,0
6,0,37,1,3585,57,30,30,0
0,0,37,0,2170,310,20,30,0
8,0,36,2,8925,169,45,30,0
2,0,37,0,13583,25,46,30,0
2,0,37,1,4325,27,27,30,0
1,0,37,0,5728,32,14,30,0
4,0,37,0,2048,33,19,30,0
20,0,37,3,14950,79,34,30,0
0,0,37,1,2905,508,10,30,0
4,0,36,0,15295,175,32,25,0
0,0,36,1,6310,211,28,30,0
0,0,36,0,685,25,13,25,0
0,0,37,0,520,38,10,30,0
0,0,36,0,0,25,0,25,1
0,0,36,0,7318,409,45,30,0
2,0,36,1,11275,36,49,45,0
3,0,36,1,6528,133,39,25,0
18,0,32,0,765,41,19,30,1
16,0,35,8,10245,26,44,55,0
8,1,35,1,5628,51,26,25,1
0,0,33,0,2650,25,16,30,0
4,1,34,0,2800,34,18,30,1
4,0,35,0,2078,59,33,30,1
0,0,35,0,0,25,0,30,1
0,0,35,0,1478,25,8,45,0
0,0,32,1,6595,39,24,55,0
0,0,35,0,438,34,6,45,1
0,0,35,1,148,29,4,55,0
20,0,30,3,15885,25,82,25,0
1,0,33,3,6775,296,35,25,0
0,0,35,0,3528,27,30,30,0
0,0,34,0,1475,63,22,30,0
1,0,35,0,2590,200,25,25,0
0,0,26,1,1125,218,13,25,0
0,0,25,0,1378,55,70,45,0
6,0,26,0,510,35,9,30,0
0,0,25,0,635,46,5,45,0
5,0,24,0,1035,44,15,25,0
0,0,24,0,3035,33,25,30,0
0,0,17,0,1505,53,16,25,0
11,0,16,1,6203,110,44,25,0
7,0,14,0,8743,98,42,55,0
3,0,15,3,2663,56,21,30,0
0,0,8,1,4200,240,12,30,0
0,1,8,1,1298,25,9,30,1
3,0,35,0,3950,0,11,25,0
0,0,36,0,0,0,0,25,0
5,0,34,0,2033,320,18,25,0
5,0,35,0,3778,0,29,15,0
0,0,35,0,1973,0,27,15,0
6,0,35,0,3355,0,22,25,0
0,0,35,0,1940,246,12,30,0
8,0,34,0,8695,105,37,30,0
2,0,35,0,13353,0,38,30,0
2,0,35,0,4095,0,19,30,0
1,0,35,0,5498,0,6,25,0
4,0,35,0,1818,0,11,30,0
20,0,35,1,14720,15,26,25,0
0,0,35,0,2675,444,2,30,0
4,0,34,0,15065,111,24,25,0
0,0,34,0,6080,147,20,30,0
0,0,34,0,455,0,5,25,0
0,0,35,0,290,0,2,25,0
0,0,34,0,0,0,0,25,1
0,0,34,0,7088,345,37,25,0
2,0,34,0,11045,0,41,30,0
3,0,34,0,6298,69,31,25,0
18,0,30,0,535,0,11,25,1
16,0,33,6,10015,0,36,45,0
8,0,33,0,5398,0,18,25,1
0,0,31,0,2420,0,8,30,0
4,1,32,0,2570,0,10,25,1
4,0,33,0,1848,0,25,30,1
0,0,33,0,0,0,0,25,1
0,0,33,0,1248,0,3,30,0
0,0,30,0,6365,0,16,45,0
0,0,33,0,0,0,0,30,1
0,0,33,0,0,0,0,45,0
20,0,28,1,15655,0,74,25,0
1,0,31,1,6545,232,27,25,0
0,0,33,0,3298,0,22,25,0
0,0,32,0,1245,0,14,30,0
1,0,33,0,2360,136,17,25,0
0,0,24,0,895,154,5,25,0
0,0,23,0,1148,0,62,45,0
6,0,24,0,280,0,1,25,0
0,0,23,0,0,0,0,45,0
5,0,22,0,805,0,7,15,0
0,0,22,0,2805,0,17,30,0
0,0,15,0,1275,0,8,25,0
11,0,14,0,5973,46,36,15,0
7,0,12,0,8513,34,34,45,0
3,0,13,1,2433,0,13,30,0
0,0,6,0,3970,176,4,25,0
0,1,6,0,1068,0,1,25,1
5,0,36,0,4255,7,18,25,0
0,0,37,0,0,9,0,25,0
7,0,35,0,2338,361,25,25,0
7,0,36,0,4083,3,36,15,0
0,0,36,0,2278,4,34,15,0
8,0,36,0,3660,34,29,25,0
1,0,36,0,2245,287,19,30,0
10,0,35,1,9000,146,44,30,0
4,0,36,0,13658,2,45,30,0
4,0,36,0,4400,4,26,30,0
3,0,36,0,5803,9,13,25,0
6,1,36,0,2123,10,18,30,0
22,0,36,2,15025,56,33,30,0
1,0,36,0,2980,485,9,30,0
6,0,35,0,15370,152,31,25,0
0,0,35,0,6385,188,27,30,0
0,0,35,0,760,2,12,25,0
0,0,36,0,595,15,9,25,0
0,0,35,0,0,2,0,25,1
0,0,35,0,7393,386,44,25,0
4,0,35,0,11350,13,48,30,0
5,0,35,0,6603,110,38,25,0
20,0,31,0,840,18,18,25,1
18,0,34,7,10320,3,43,45,0
10,0,34,0,5703,28,25,25,1
0,0,32,0,2725,2,15,30,0
6,0,33,0,2875,11,17,25,1
6,1,34,0,2153,36,32,30,1
0,0,34,0,0,2,0,30,1
0,0,34,0,1553,2,7,30,0
0,0,31,0,6670,16,23,45,0
0,0,34,0,513,11,5,45,1
0,0,34,0,0,6,0,55,0
22,0,29,2,15960,2,81,25,0
3,0,32,2,6850,273,34,25,0
0,0,34,0,3603,4,29,25,0
0,0,33,0,1550,40,21,30,0
3,0,34,0,2665,177,24,25,0
1,0,25,0,1200,195,12,25,0
1,0,24,0,1453,32,69,45,0
8,0,25,0,585,12,8,25,0
0,0,24,0,710,23,4,45,0
7,0,23,0,1110,21,14,25,0
0,0,23,0,3110,10,24,30,0
0,0,16,0,1580,30,15,25,0
13,0,15,0,6277,87,43,15,0
9,0,13,0,8817,75,41,45,0
5,0,14,2,2737,33,20,30,0
0,0,7,0,4275,217,11,30,0
0,1,7,0,1372,2,8,25,1
1,0,36,0,3875,0,12,25,0
0,0,37,0,0,0,0,25,0
3,0,35,0,1958,343,19,25,0
3,0,36,0,3703,0,30,25,0
0,0,36,0,1898,0,28,15,0
4,0,36,0,3280,16,23,25,0
0,0,36,0,1865,269,13,30,0
6,0,35,1,8620,128,38,30,0
0,0,36,0,13278,0,39,30,0
0,0,36,0,4020,0,20,30,0
0,0,36,0,5423,0,7,25,0
2,0,36,0,1743,0,12,30,0
18,0,36,2,14645,38,27,30,0
0,0,36,0,2600,467,3,30,0
2,0,35,0,14990,134,25,25,0
0,0,35,0,6005,170,21,30,0
0,0,35,0,380,0,6,25,0
0,0,36,0,215,0,3,25,0
0,0,35,0,0,0,0,25,1
0,0,35,0,7013,368,38,25,0
0,0,35,0,10970,0,42,30,0
1,0,35,0,6223,92,32,25,0
16,1,31,0,460,0,12,25,1
14,0,34,7,9940,0,37,45,0
6,0,34,0,5323,10,19,25,1
0,0,32,0,2345,0,9,30,0
2,1,33,0,2495,0,11,25,1
2,0,34,0,1773,18,26,30,1
0,0,34,0,0,0,0,30,1
0,0,34,0,1173,0,1,30,0
0,0,31,0,6290,0,17,45,0
0,0,34,0,0,0,0,45,1
0,0,34,0,0,0,0,55,0
18,0,29,2,15580,0,75,25,0
0,0,32,2,6470,255,28,25,0
0,0,34,0,3223,0,23,25,0
0,0,33,0,1170,22,15,30,0
0,0,34,0,2285,159,18,25,0
0,0,25,0,820,177,6,25,0
0,0,24,0,1073,14,63,45,0
4,0,25,0,205,0,2,25,0
0,0,24,0,0,5,0,45,0
3,0,23,0,730,3,8,25,0
0,0,23,0,2730,0,18,30,0
0,0,16,0,1200,12,9,25,0
9,0,15,0,5897,69,37,15,0
5,0,13,0,8437,57,35,45,0
1,0,14,2,2357,15,14,30,0
0,0,7,0,3895,199,5,30,0
0,0,7,0,992,0,2,25,1
1,0,31,0,4065,0,14,25,0
0,0,32,0,0,0,0,25,0
3,0,30,0,2148,344,21,25,0
3,0,31,0,3893,0,32,15,0
0,0,31,0,2088,0,30,15,0
4,0,31,0,3470,17,25,25,0
0,0,31,0,2055,270,15,30,0
6,0,30,0,8810,129,40,30,0
0,0,31,0,13468,0,41,30,0
0,0,31,0,4210,0,22,30,0
0,0,31,0,5613,0,9,25,0
2,0,31,0,1933,0,14,30,0
18,0,31,1,14835,39,29,25,0
0,0,31,0,2790,468,5,30,0
2,0,30,0,15180,135,27,25,0
0,0,30,0,6195,171,23,30,0
0,0,30,0,570,0,8,25,0
0,0,31,0,405,0,5,25,0
0,0,30,0,0,0,0,25,1
0,0,30,0,7203,369,40,25,0
0,0,30,0,11160,0,44,30,0
1,0,30,0,6413,93,34,25,0
16,0,26,0,650,1,14,25,1
14,0,29,6,10130,0,39,45,0
6,0,29,0,5513,11,21,25,1
0,0,27,0,2535,0,11,30,0
2,0,28,0,2685,0,13,25,1
2,0,29,0,1963,19,28,30,1
0,0,29,0,0,0,0,25,1
0,0,29,0,1363,0,3,30,0
0,0,26,0,6480,0,19,45,0
0,0,29,0,0,0,0,30,1
0,0,29,0,0,0,0,45,0
18,0,24,1,15770,0,77,25,0
0,0,27,1,6660,256,30,25,0
0,0,29,0,3413,0,25,25,0
0,0,28,0,1360,23,17,30,0
0,0,29,0,2475,160,20,25,0
0,0,20,0,1010,178,8,25,0
0,0,19,0,1263,15,65,45,0
4,0,20,0,395,0,4,25,0
0,0,19,0,520,6,2,45,0
3,0,18,0,920,4,10,15,0
0,0,18,0,2920,0,20,30,0
0,0,11,0,1390,13,11,25,0
9,0,10,0,6087,70,39,15,0
5,0,8,0,8627,58,37,45,0
1,0,9,1,2547,16,16,30,0
0,0,3,0,4085,200,7,25,0
0,0,3,0,1182,0,4,25,1
5,0,41,0,4065,6,16,30,0
0,0,42,0,13,8,3,30,0
7,0,40,0,2148,360,23,30,0
7,0,41,0,3893,2,34,15,0
0,0,41,0,2088,3,32,25,0
8,0,41,1,3470,33,27,30,0
1,0,41,0,2055,286,17,30,0
10,0,40,2,8810,145,42,30,0
4,0,41,0,13468,1,43,30,0
4,0,41,1,4210,3,24,30,0
3,0,41,0,5613,8,11,30,0
6,0,41,0,1933,9,16,30,0
22,0,41,3,14835,55,31,30,0
1,0,41,1,2790,484,7,30,0
6,0,40,0,15180,151,29,25,0
0,0,40,1,6195,187,25,30,0
0,0,40,0,570,1,10,25,0
0,0,41,0,405,14,7,30,0
0,0,40,0,0,1,0,25,1
0,0,40,0,7203,385,42,30,0
4,0,40,1,11160,12,46,45,0
5,0,40,1,6413,109,36,25,0
20,0,36,0,650,17,16,30,1
18,0,39,8,10130,2,41,55,0
10,0,39,1,5513,27,23,25,1
0,0,37,0,2535,1,13,30,0
6,1,38,0,2685,10,15,30,1
6,0,39,0,1963,35,30,30,1
0,0,39,0,0,1,0,30,1
0,0,39,0,1363,1,5,45,0
0,0,36,1,6480,15,21,55,0
0,0,39,0,323,10,3,45,1
0,0,39,1,33,5,1,55,0
22,0,34,3,15770,1,79,25,0
3,0,37,3,6660,272,32,25,0
0,0,39,0,3413,3,27,30,0
0,0,38,0,1360,39,19,30,0
3,0,39,0,2475,176,22,25,0
1,0,30,1,1010,194,10,25,0
1,0,29,0,1263,31,67,45,0
8,0,30,0,395,11,6,30,0
0,0,29,0,520,22,2,45,0
7,0,28,0,920,20,12,25,0
0,0,28,0,2920,9,22,30,0
0,0,21,0,1390,29,13,25,0
13,0,20,1,6087,86,41,25,0
9,0,18,0,8627,74,39,55,0
5,0,19,3,2547,32,18,30,0
0,0,12,1,4085,216,9,30,0
0,0,12,1,1182,1,6,30,1
9,0,37,0,4775,23,15,25,0
1,0,38,0,723,8,2,25,0
11,0,36,0,2858,360,22,25,0
11,0,37,0,4603,2,33,15,0
4,0,37,0,2798,3,31,15,0
12,0,37,1,4180,33,26,30,0
5,0,37,0,2765,286,16,30,0
14,0,36,2,9520,145,41,30,0
8,0,37,0,14178,1,42,30,0
8,0,37,1,4920,3,23,30,0
7,0,37,0,6323,8,10,25,0
10,0,37,0,2643,9,15,30,0
26,1,37,3,15545,55,30,30,0
5,0,37,1,3500,484,6,30,0
10,0,36,0,15890,151,28,25,0
4,0,36,1,6905,187,24,30,0
1,0,36,0,1280,1,9,25,0
3,0,37,0,1115,14,6,25,0
0,0,36,0,0,1,0,25,1
4,0,36,0,7913,385,41,25,0
8,0,36,1,11870,12,45,30,0
9,0,36,1,7123,109,35,25,0
24,0,32,0,1360,17,15,25,1
22,0,35,8,10840,2,40,45,0
14,0,35,1,6223,27,22,25,0
2,0,33,0,3245,1,12,30,0
10,0,34,0,3395,10,14,30,1
10,1,35,0,2673,35,29,30,1
1,0,35,0,538,1,1,30,1
2,0,35,0,2073,1,4,30,0
4,0,32,1,7190,15,20,45,0
1,0,35,0,1033,10,2,45,1
1,0,35,1,743,5,1,55,0
26,0,30,3,16480,1,78,25,0
7,0,33,3,7370,272,31,25,0
3,0,35,0,4123,3,26,25,0
4,0,34,0,2070,39,18,30,0
7,0,35,0,3185,176,21,25,0
5,0,26,1,1720,194,9,25,0
5,0,25,0,1973,31,66,45,0
12,0,26,0,1105,11,5,25,0
1,0,25,0,1230,22,1,45,0
11,0,24,0,1630,20,11,25,0
3,0,24,0,3630,9,21,30,0
3,0,17,0,2100,29,12,25,0
17,0,16,1,6797,86,40,15,0
13,0,14,0,9337,74,38,45,0
9,0,15,3,3257,32,17,30,0
3,0,8,1,4795,216,8,30,0
4,0,8,1,1892,1,5,30,1
0,0,35,0,3355,0,15,25,0
0,0,36,0,0,0,0,25,0
0,0,34,0,1438,327,22,25,0
0,0,35,0,3183,0,33,15,0
0,0,35,0,1378,0,31,15,0
0,0,35,0,2760,0,26,25,0
0,0,35,0,1345,253,16,30,0
2,0,34,0,8100,112,41,30,0
0,0,35,0,12758,0,42,30,0
0,0,35,0,3500,0,23,30,0
0,0,35,0,4903,0,10,25,0
0,0,35,0,1223,0,15,30,0
14,0,35,1,14125,22,30,25,0
0,0,35,0,2080,451,6,30,0
0,0,34,0,14470,118,28,25,0
0,0,34,0,5485,154,24,30,0
0,0,34,0,0,0,0,25,0
0,0,35,0,0,0,0,25,0
0,0,34,0,0,0,0,25,1
0,0,34,0,6493,352,41,25,0
0,0,34,0,10450,0,45,30,0
0,0,34,0,5703,76,35,25,0
0,1,30,0,0,0,0,25,1
10,0,33,6,9420,0,40,45,0
2,1,33,0,4803,0,22,25,1
0,0,31,0,1825,0,12,30,0
0,0,32,0,1975,0,14,25,1
0,0,33,0,1253,2,29,30,1
0,1,33,0,0,0,0,25,1
0,0,33,0,653,0,4,30,0
0,0,30,0,5770,0,20,45,0
0,0,33,0,0,0,0,30,1
0,0,33,0,0,0,0,45,0
14,0,28,1,15060,0,78,25,0
0,0,31,1,5950,239,31,25,0
0,0,33,0,2703,0,26,25,0
0,0,32,0,650,6,18,30,0
0,0,33,0,1765,143,21,25,0
0,0,24,0,300,161,9,25,0
0,0,23,0,553,0,66,45,0
0,0,24,0,0,0,0,25,0
0,0,23,0,0,0,0,45,0
0,0,22,0,210,0,11,25,0
0,0,22,0,2210,0,21,30,0
0,0,15,0,680,0,12,25,0
5,0,14,0,5377,53,40,15,0
1,0,12,0,7917,41,38,45,0
0,0,13,1,1837,0,17,30,0
0,0,6,0,3375,183,8,30,0
0,0,6,0,472,0,5,25,1
3,0,36,0,4065,0,15,25,0
0,0,37,0,0,0,0,25,0
5,0,35,0,2148,352,22,25,0
5,0,36,0,3893,0,33,15,0
0,0,36,0,2088,0,31,15,0
6,0,36,0,3470,25,26,25,0
0,0,36,0,2055,278,16,30,0
8,0,35,1,8810,137,41,30,0
2,0,36,0,13468,0,42,30,0
2,0,36,0,4210,0,23,30,0
1,0,36,0,5613,0,10,25,0
4,0,36,0,1933,1,15,30,0
20,0,36,2,14835,47,30,30,0
0,0,36,0,2790,476,6,30,0
4,0,35,0,15180,143,28,25,0
0,0,35,0,6195,179,24,30,0
0,0,35,0,570,0,9,25,0
0,0,36,0,405,6,6,25,0
0,1,35,0,0,0,0,25,1
0,0,35,0,7203,377,41,25,0
2,0,35,0,11160,4,45,30,0
3,0,35,0,6413,101,35,25,0
18,0,31,0,650,9,15,25,1
16,0,34,7,10130,0,40,45,0
8,0,34,0,5513,19,22,25,1
0,0,32,0,2535,0,12,30,0
4,0,33,0,2685,2,14,25,1
4,1,34,0,1963,27,29,30,1
0,0,34,0,0,0,0,30,1
0,0,34,0,1363,0,4,30,0
0,0,31,0,6480,7,20,45,0
0,1,34,0,323,2,2,45,1
0,0,34,0,0,0,0,55,0
20,0,29,2,15770,0,78,25,0
1,0,32,2,6660,264,31,25,0
0,0,34,0,3413,0,26,25,0
0,0,33,0,1360,31,18,30,0
1,0,34,0,2475,168,21,25,0
0,0,25,0,1010,186,9,25,0
0,0,24,0,1263,23,66,45,0
6,0,25,0,395,3,5,25,0
0,0,24,0,520,14,1,45,0
5,0,23,0,920,12,11,25,0
0,0,23,0,2920,1,21,30,0
0,0,16,0,1390,21,12,25,0
11,0,15,0,6087,78,40,15,0
7,0,13,0,8627,66,38,45,0
3,0,14,2,2547,24,17,30,0
0,0,7,0,4085,208,8,30,0
0,0,7,0,1182,0,5,25,1
3,0,36,0,4065,0,15,25,0
0,0,37,0,0,0,0,25,0
5,0,35,0,2148,352,22,25,0
5,0,36,0,3893,0,33,15,0
0,0,36,0,2088,0,31,15,0
6,0,36,0,3470,25,26,25,0
0,0,36,0,2055,278,16,30,0
8,0,35,1,8810,137,41,30,0
2,0,36,0,13468,0,42,30,0
2,0,36,0,4210,0,23,30,0
1,0,36,0,5613,0,10,25,0
4,0,36,0,1933,1,15,30,0
20,0,36,2,14835,47,30,30,0
0,0,36,0,2790,476,6,30,0
4,0,35,0,15180,143,28,25,0
0,0,35,0,6195,179,24,30,0
0,0,35,0,570,0,9,25,0
0,0,36,0,405,6,6,25,0
0,0,35,0,0,0,0,25,1
0,0,35,0,7203,377,41,25,0
2,0,35,0,11160,4,45,30,0
3,0,35,0,6413,101,35,25,0
18,1,31,0,650,9,15,25,1
16,0,34,7,10130,0,40,45,0
8,0,34,0,5513,19,22,25,1
0,0,32,0,2535,0,12,30,0
4,1,33,0,2685,2,14,25,1
4,0,34,0,1963,27,29,30,1
0,1,34,0,0,0,0,30,1
0,0,34,0,1363,0,4,30,0
0,0,31,0,6480,7,20,45,0
0,0,34,0,323,2,2,45,1
0,0,34,0,0,0,0,55,0
20,0,29,2,15770,0,78,25,0
1,0,32,2,6660,264,31,25,0
0,0,34,0,3413,0,26,25,0
0,0,33,0,1360,31,18,30,0
1,0,34,0,2475,168,21,25,0
0,0,25,0,1010,186,9,25,0
0,0,24,0,1263,23,66,45,0
6,0,25,0,395,3,5,25,0
0,0,24,0,520,14,1,45,0
5,0,23,0,920,12,11,25,0
0,0,23,0,2920,1,21,30,0
0,0,16,0,1390,21,12,25,0
11,0,15,0,6087,78,40,15,0
7,0,13,0,8627,66,38,45,0
3,0,14,2,2547,24,17,30,0
0,0,7,0,4085,208,8,30,0
0,0,7,0,1182,0,5,25,1
13,0,40,1,4675,12,19,30,0
5,0,41,0,623,14,6,30,0
15,0,39,1,2758,366,26,30,0
15,0,40,1,4503,8,37,15,0
8,0,40,1,2698,9,35,25,0
16,0,40,2,4080,39,30,30,0
9,0,40,1,2665,292,20,30,0
18,0,39,3,9420,151,45,30,0
12,0,40,1,14078,7,46,30,0
12,0,40,2,4820,9,27,30,0
11,0,40,1,6223,14,14,30,0
14,1,40,0,2543,15,19,30,0
30,0,40,4,15445,61,34,30,0
9,0,40,2,3400,490,10,30,0
14,0,39,1,15790,157,32,25,0
8,0,39,2,6805,193,28,30,0
5,0,39,0,1180,7,13,25,0
7,0,40,0,1015,20,10,30,0
5,0,39,0,305,7,2,25,1
8,0,39,1,7813,391,45,30,0
12,0,39,2,11770,18,49,45,0
13,0,39,2,7023,115,39,25,0
28,0,35,0,1260,23,19,30,1
26,0,38,9,10740,8,44,55,0
18,0,38,2,6123,33,26,25,0
6,0,36,1,3145,7,16,30,0
14,1,37,0,3295,16,18,30,1
14,1,38,0,2573,41,33,45,1
5,0,38,0,438,7,4,30,1
6,0,38,1,1973,7,8,45,0
8,0,35,2,7090,21,24,55,0
5,0,38,0,933,16,6,45,1
5,0,38,2,643,11,4,55,0
30,0,33,4,16380,7,82,25,0
11,0,36,4,7270,278,35,30,0
7,0,38,1,4023,9,30,30,0
8,0,37,0,1970,45,22,30,0
11,0,38,1,3085,182,25,25,0
9,0,29,2,1620,200,13,30,0
9,0,28,1,1873,37,70,55,0
16,0,29,0,1005,17,9,30,0
5,0,28,0,1130,28,5,45,0
15,0,27,1,1530,26,15,25,0
7,0,27,1,3530,15,25,30,0
7,0,20,1,2000,35,16,30,0
21,0,19,2,6698,92,44,25,0
17,0,17,1,9238,80,42,55,0
13,0,18,4,3158,38,21,30,0
7,0,11,2,4695,222,12,30,0
8,1,11,2,1793,7,9,30,1
16,0,42,2,4735,17,21,30,0
8,0,43,2,683,19,8,30,0
18,0,41,2,2818,371,28,30,0
18,0,42,2,4563,13,39,15,0
11,0,42,2,2758,14,37,25,0
19,0,42,3,4140,44,32,30,0
12,0,42,2,2725,297,22,45,0
21,0,41,4,9480,156,47,30,0
15,0,42,2,14138,12,48,30,0
15,0,42,3,4880,14,29,45,0
14,0,42,2,6283,19,16,30,0
17,0,42,2,2603,20,21,45,0
33,0,42,5,15505,66,36,30,0
12,0,42,3,3460,495,12,45,0
17,0,41,2,15850,162,34,25,0
11,0,41,3,6865,198,30,30,0
8,0,41,2,1240,12,15,25,0
10,0,42,2,1075,25,12,30,0
8,0,41,2,365,12,4,30,1
11,0,41,2,7873,396,47,30,0
15,0,41,3,11830,23,51,45,0
16,0,41,3,7083,120,41,25,0
31,1,37,2,1320,28,21,30,1
29,1,40,10,10800,13,46,55,0
21,0,40,3,6183,38,28,30,0
9,0,38,2,3205,12,18,30,0
17,1,39,2,3355,21,20,30,1
17,0,40,2,2633,46,35,45,1
8,0,40,2,498,12,6,30,1
9,0,40,2,2033,12,10,45,0
11,0,37,3,7150,26,26,55,0
8,1,40,2,993,21,8,45,1
8,0,40,3,703,16,6,55,0
33,0,35,5,16440,12,84,25,0
14,0,38,5,7330,283,37,30,0
10,0,40,2,4083,14,32,30,0
11,0,39,2,2030,50,24,45,0
14,0,40,2,3145,187,27,25,0
12,0,31,3,1680,205,15,30,0
12,0,30,2,1933,42,72,55,0
19,0,31,2,1065,22,11,30,0
8,0,30,2,1190,33,7,45,0
18,0,29,2,1590,31,17,25,0
10,0,29,2,3590,20,27,30,0
10,0,22,2,2060,40,18,30,0
24,0,21,3,6758,97,46,25,0
20,0,19,2,9298,85,44,55,0
16,0,20,5,3218,43,23,30,0
10,0,13,3,4755,227,14,30,0
11,1,13,3,1853,12,11,30,1
10,0,38,1,4615,7,17,30,0
5,0,39,0,563,9,4,30,0
12,0,37,1,2698,361,24,30,0
12,0,38,1,4443,7,35,15,0
5,0,38,1,2638,7,33,25,0
13,0,38,1,4020,34,28,30,0
6,0,38,1,2605,287,18,30,0
15,0,37,2,9360,146,43,30,0
9,0,38,1,14018,7,44,30,0
9,0,38,1,4760,7,25,30,0
8,0,38,1,6163,9,12,30,0
11,0,38,0,2483,10,17,30,0
27,0,38,3,15385,56,32,30,0
6,0,38,1,3340,485,8,30,0
11,0,37,1,15730,152,30,25,0
5,0,37,1,6745,188,26,30,0
5,0,37,0,1120,7,11,25,0
5,0,38,0,955,15,8,30,0
5,0,37,0,305,7,2,25,1
5,0,37,1,7753,386,43,30,0
9,0,37,1,11710,13,47,45,0
10,0,37,1,6963,110,37,25,0
25,1,33,0,1200,18,17,30,1
23,0,36,8,10680,7,42,55,0
15,0,36,1,6063,28,24,25,0
5,0,34,1,3085,7,14,30,0
11,0,35,0,3235,11,16,30,1
11,1,36,0,2513,36,31,30,1
5,0,36,0,305,7,2,30,1
5,0,36,1,1913,7,6,45,0
5,0,33,1,7030,16,22,55,0
5,0,36,0,873,11,4,45,1
5,0,36,1,305,7,2,55,0
27,0,31,3,16320,7,80,25,0
8,0,34,3,7210,273,33,25,0
5,0,36,1,3963,7,28,30,0
5,0,35,0,1910,40,20,30,0
8,0,36,1,3025,177,23,25,0
6,0,27,1,1560,195,11,25,0
6,0,26,1,1813,32,68,45,0
13,0,27,0,945,12,7,30,0
5,0,26,0,1070,23,3,45,0
12,0,25,1,1470,21,13,25,0
5,0,25,1,3470,10,23,30,0
5,0,18,1,1940,30,14,25,0
18,0,17,1,6638,87,42,25,0
14,0,15,1,9178,75,40,55,0
10,0,16,3,3098,33,19,30,0
5,0,9,1,4635,217,10,30,0
5,1,9,1,1733,7,7,30,1
14,0,44,2,4755,22,23,30,0
6,0,45,0,703,24,10,30,0
16,0,43,2,2838,376,30,30,0
16,0,44,2,4583,18,41,15,0
9,0,44,2,2778,19,39,25,0
17,0,44,3,4160,49,34,30,0
10,0,44,2,2745,302,24,45,0
19,0,43,4,9500,161,49,30,0
13,0,44,2,14158,17,50,30,0
13,0,44,3,4900,19,31,30,0
12,0,44,2,6303,24,18,30,0
15,1,44,0,2623,25,23,30,0
31,0,44,5,15525,71,38,30,0
10,0,44,3,3480,500,14,45,0
15,0,43,2,15870,167,36,25,0
9,0,43,3,6885,203,32,30,0
6,0,43,0,1260,17,17,25,0
8,0,44,0,1095,30,14,30,0
6,0,43,0,385,17,6,25,1
9,0,43,2,7893,401,49,30,0
13,0,43,3,11850,28,53,45,0
14,0,43,3,7103,125,43,25,0
29,1,39,0,1340,33,23,30,1
27,0,42,10,10820,18,48,55,0
19,0,42,3,6203,43,30,30,0
7,0,40,2,3225,17,20,30,0
15,1,41,0,3375,26,22,30,1
15,1,42,0,2653,51,37,45,1
6,0,42,0,518,17,8,30,1
7,0,42,2,2053,17,12,45,0
9,0,39,3,7170,31,28,55,0
6,1,42,0,1013,26,10,45,1
6,0,42,3,723,21,8,55,0
31,0,37,5,16460,17,86,25,0
12,0,40,5,7350,288,39,30,0
8,0,42,2,4103,19,34,30,0
9,1,41,0,2050,55,26,45,0
12,0,42,2,3165,192,29,25,0
10,0,33,3,1700,210,17,30,0
10,0,32,2,1953,47,74,55,0
17,0,33,0,1085,27,13,30,0
6,0,32,0,1210,38,9,45,0
16,0,31,2,1610,36,19,25,0
8,0,31,2,3610,25,29,30,0
8,0,24,2,2080,45,20,30,0
22,0,23,3,6778,102,48,25,0
18,0,21,2,9318,90,46,55,0
14,0,22,5,3238,48,25,30,0
8,0,15,3,4775,232,16,30,0
9,1,15,3,1873,17,13,30,1
12,0,36,1,4595,7,15,30,0
5,0,37,0,305,7,2,30,0
14,0,35,1,2678,356,22,30,0
14,0,36,1,4423,7,33,25,0
7,0,36,1,2618,7,31,25,0
15,0,36,1,4000,29,26,30,0
8,0,36,1,2585,282,16,30,0
17,0,35,2,9340,141,41,30,0
11,0,36,1,13998,7,42,30,0
11,0,36,1,4740,7,23,30,0
10,0,36,1,6143,7,10,30,0
13,0,36,0,2463,7,15,30,0
29,0,36,3,15365,51,30,30,0
8,0,36,1,3320,480,6,30,0
13,0,35,1,15710,147,28,25,0
7,0,35,1,6725,183,24,30,0
5,0,35,0,1100,7,9,25,0
6,0,36,0,935,10,6,30,0
5,0,35,0,305,7,2,25,1
7,0,35,1,7733,381,41,30,0
11,0,35,1,11690,8,45,45,0
12,0,35,1,6943,105,35,25,0
27,1,31,0,1180,13,15,30,1
25,0,34,8,10660,7,40,55,0
17,0,34,1,6043,23,22,25,0
5,0,32,1,3065,7,12,30,0
13,1,33,0,3215,7,14,30,1
13,1,34,0,2493,31,29,30,1
5,0,34,0,305,7,2,30,1
5,0,34,1,1893,7,4,45,0
7,0,31,1,7010,11,20,55,0
5,0,34,0,305,7,2,45,1
5,0,34,1,305,7,2,55,0
29,0,29,3,16300,7,78,25,0
10,0,32,3,7190,268,31,30,0
6,0,34,1,3943,7,26,30,0
7,0,33,0,1890,35,18,30,0
10,0,34,1,3005,172,21,25,0
8,0,25,1,1540,190,9,30,0
8,0,24,1,1793,27,66,45,0
15,0,25,0,925,7,5,30,0
5,0,24,0,305,18,2,45,0
14,0,23,1,1450,16,11,25,0
6,0,23,1,3450,7,21,30,0
6,0,16,1,1920,25,12,25,0
20,0,15,1,6618,82,40,25,0
16,0,13,1,9158,70,38,55,0
12,0,14,3,3078,28,17,30,0
6,0,7,1,4615,212,8,30,0
7,1,7,1,1713,7,5,30,1
18,0,46,2,4935,27,25,30,0
10,0,47,0,883,29,12,30,0
20,0,45,2,3018,381,32,30,0
20,0,46,2,4763,23,43,15,0
13,0,46,2,2958,24,41,25,0
21,0,46,3,4340,54,36,30,0
14,0,46,2,2925,307,26,45,0
23,0,45,4,9680,166,51,30,0
17,0,46,2,14338,22,52,30,0
17,0,46,3,5080,24,33,45,0
16,0,46,2,6483,29,20,30,0
19,0,46,0,2803,30,25,45,0
35,0,46,5,15705,76,40,30,0
14,0,46,3,3660,505,16,45,0
19,0,45,2,16050,172,38,25,0
13,0,45,3,7065,208,34,45,0
10,0,45,0,1440,22,19,30,0
12,0,46,0,1275,35,16,30,0
10,0,45,0,565,22,8,30,1
13,0,45,2,8073,406,51,30,0
17,0,45,3,12030,33,55,45,0
18,0,45,3,7283,130,45,25,0
33,1,41,0,1520,38,25,30,1
31,0,44,10,11000,23,50,55,0
23,0,44,3,6383,48,32,30,0
11,0,42,2,3405,22,22,45,0
19,1,43,0,3555,31,24,30,1
19,1,44,0,2833,56,39,45,1
10,0,44,0,698,22,10,30,1
11,0,44,2,2233,22,14,45,0
13,0,41,3,7350,36,30,55,0
10,1,44,0,1193,31,12,45,1
10,0,44,3,903,26,10,55,0
35,0,39,5,16640,22,88,25,0
16,1,42,5,7530,293,41,30,0
12,0,44,2,4283,24,36,30,0
13,0,43,0,2230,60,28,45,0
16,0,44,2,3345,197,31,25,0
14,0,35,3,1880,215,19,30,0
14,0,34,2,2133,52,76,55,0
21,0,35,0,1265,32,15,30,0
10,0,34,0,1390,43,11,45,0
20,0,33,2,1790,41,21,25,0
12,0,33,2,3790,30,31,45,0
12,0,26,2,2260,50,22,30,0
26,0,25,3,6958,107,50,25,0
22,0,23,2,9498,95,48,55,0
18,0,24,5,3418,53,27,45,0
12,0,17,3,4955,237,18,30,0
13,0,17,3,2053,22,15,30,1
8,0,34,1,4415,7,13,30,0
5,0,35,0,305,7,2,25,0
10,0,33,1,2498,351,20,30,0
10,0,34,1,4243,7,31,25,0
5,0,34,1,2438,7,29,15,0
11,0,34,1,3820,24,24,30,0
5,0,34,1,2405,277,14,30,0
13,0,33,2,9160,136,39,30,0
7,0,34,1,13818,7,40,30,0
7,0,34,1,4560,7,21,30,0
6,0,34,1,5963,7,8,30,0
9,0,34,0,2283,7,13,30,0
25,0,34,3,15185,46,28,30,0
5,0,34,1,3140,475,4,30,0
9,0,33,1,15530,142,26,25,0
5,0,33,1,6545,178,22,30,0
5,0,33,0,920,7,7,25,0
5,0,34,0,755,7,4,30,0
5,0,33,0,305,7,2,25,1
5,0,33,1,7553,376,39,25,0
7,0,33,1,11510,7,43,45,0
8,0,33,1,6763,100,33,25,0
23,0,29,0,1000,8,13,25,1
21,0,32,8,10480,7,38,55,0
13,0,32,1,5863,18,20,25,1
5,0,30,1,2885,7,10,30,0
9,0,31,0,3035,7,12,30,1
9,1,32,0,2313,26,27,30,1
5,0,32,0,305,7,2,30,1
5,0,32,1,305,7,2,30,0
5,0,29,1,6830,7,18,55,0
5,0,32,0,305,7,2,45,1
5,0,32,1,305,7,2,55,1
25,0,27,3,16120,7,76,25,0
6,0,30,3,7010,263,29,25,0
5,0,32,1,3763,7,24,25,0
5,0,31,0,1710,30,16,30,0
6,0,32,1,2825,167,19,25,0
5,0,23,1,1360,185,7,25,0
5,0,22,1,1613,22,64,45,0
11,0,23,0,745,7,3,25,0
5,0,22,0,305,13,2,45,0
10,0,21,1,1270,11,9,25,0
5,0,21,1,3270,7,19,30,0
5,0,14,1,1740,20,10,25,0
16,0,13,1,6438,77,38,25,0
12,0,11,1,8978,65,36,45,0
8,0,12,3,2898,23,15,30,0
5,0,5,1,4435,207,6,30,0
5,1,5,0,1533,7,3,30,1
15,0,43,1,4855,23,24,30,0
7,0,44,0,803,25,11,30,0
17,0,42,1,2938,377,31,30,0
17,0,43,1,4683,19,42,15,0
10,0,43,1,2878,20,40,25,0
18,0,43,2,4260,50,35,30,0
11,0,43,1,2845,303,25,30,0
20,0,42,3,9600,162,50,30,0
14,0,43,1,14258,18,51,30,0
14,0,43,2,5000,20,32,30,0
13,0,43,1,6403,25,19,30,0
16,1,43,0,2723,26,24,30,0
32,0,43,4,15625,72,39,30,0
11,0,43,2,3580,501,15,30,0
16,0,42,1,15970,168,37,25,0
10,0,42,2,6985,204,33,30,0
7,0,42,0,1360,18,18,25,0
9,0,43,0,1195,31,15,30,0
7,0,42,0,485,18,7,25,1
10,0,42,1,7993,402,50,30,0
14,0,42,2,11950,29,54,45,0
15,0,42,2,7203,126,44,25,0
30,0,38,0,1440,34,24,30,1
28,0,41,9,10920,19,49,55,0
20,0,41,2,6303,44,31,25,0
8,0,39,1,3325,18,21,30,0
16,1,40,0,3475,27,23,30,1
16,1,41,0,2753,52,38,45,1
7,1,41,0,618,18,9,30,1
8,0,41,1,2153,18,13,45,0
10,0,38,2,7270,32,29,55,0
7,0,41,0,1113,27,11,45,1
7,0,41,2,823,22,9,55,0
32,1,36,4,16560,18,87,25,0
13,0,39,4,7450,289,40,30,0
9,0,41,1,4203,20,35,30,0
10,0,40,0,2150,56,27,30,0
13,0,41,1,3265,193,30,25,0
11,0,32,2,1800,211,18,30,0
11,0,31,1,2053,48,75,55,0
18,0,32,0,1185,28,14,30,0
7,0,31,0,1310,39,10,45,0
17,0,30,1,1710,37,20,25,0
9,0,30,1,3710,26,30,30,0
9,0,23,1,2180,46,21,30,0
23,0,22,2,6878,103,49,25,0
19,0,20,1,9418,91,47,55,0
15,0,21,4,3338,49,26,30,0
9,0,14,2,4875,233,17,30,0
10,0,14,2,1973,18,14,30,1
11,0,37,1,4495,7,14,30,0
5,0,38,0,305,7,2,30,0
13,0,36,1,2578,355,21,30,0
13,0,37,1,4323,7,32,15,0
6,0,37,1,2518,7,30,25,0
14,0,37,2,3900,28,25,30,0
7,0,37,1,2485,281,15,30,0
16,0,36,3,9240,140,40,30,0
10,0,37,1,13898,7,41,30,0
10,0,37,2,4640,7,22,30,0
9,0,37,1,6043,7,9,30,0
12,0,37,0,2363,7,14,30,0
28,0,37,4,15265,50,29,30,0
7,0,37,2,3220,479,5,30,0
12,0,36,1,15610,146,27,25,0
6,0,36,2,6625,182,23,30,0
5,0,36,0,1000,7,8,25,0
5,0,37,0,835,9,5,30,0
5,0,36,0,305,7,2,25,1
6,0,36,1,7633,380,40,30,0
10,0,36,2,11590,7,44,45,0
11,0,36,2,6843,104,34,25,0
26,1,32,0,1080,12,14,30,1
24,0,35,9,10560,7,39,55,0
16,0,35,2,5943,22,21,25,1
5,0,33,1,2965,7,11,30,0
12,1,34,0,3115,7,13,30,1
12,0,35,0,2393,30,28,45,1
5,1,35,0,305,7,2,30,1
5,0,35,1,1793,7,3,45,0
6,0,32,2,6910,10,19,55,0
5,0,35,0,305,7,2,45,1
5,0,35,1,305,7,2,55,0
28,0,30,4,16200,7,77,25,0
9,0,33,4,7090,267,30,30,0
5,0,35,1,3843,7,25,30,0
6,0,34,0,1790,34,17,30,0
9,0,35,1,2905,171,20,25,0
7,0,26,2,1440,189,8,30,0
7,0,25,1,1693,26,65,55,0
14,0,26,0,825,7,4,30,0
5,0,25,0,305,17,2,45,0
13,0,24,1,1350,15,10,25,0
5,0,24,1,3350,7,20,30,0
5,0,17,1,1820,24,11,30,0
19,0,16,2,6518,81,39,25,0
15,0,14,1,9058,69,37,55,0
11,0,15,4,2978,27,16,30,0
5,0,8,2,4515,211,7,30,0
6,1,8,2,1613,7,4,30,1
17,0,40,3,5275,33,34,30,0
9,0,41,0,1223,35,21,30,0
19,0,39,3,3358,387,41,30,0
19,0,40,3,5103,29,52,15,0
12,0,40,3,3298,30,50,25,0
20,0,40,4,4680,60,45,30,0
13,0,40,3,3265,313,35,45,0
22,1,39,5,10020,172,60,30,0
16,0,40,3,14678,28,61,30,0
16,0,40,4,5420,30,42,30,0
15,0,40,3,6823,35,29,30,0
18,0,40,0,3143,36,34,30,0
34,1,40,6,16045,82,49,30,0
13,0,40,4,4000,511,25,45,0
18,0,39,3,16390,178,47,25,0
12,0,39,4,7405,214,43,30,0
9,0,39,0,1780,28,28,25,0
11,0,40,0,1615,41,25,30,0
9,1,39,0,905,28,17,25,1
12,0,39,3,8413,412,60,30,0
16,0,39,4,12370,39,64,45,0
17,0,39,4,7623,136,54,25,0
32,1,35,0,1860,44,34,30,1
30,0,38,1,11340,29,59,55,0
22,0,38,4,6723,54,41,30,0
10,0,36,3,3745,28,31,30,0
18,1,37,0,3895,37,33,30,1
18,0,38,0,3173,62,48,45,1
9,0,38,0,1038,28,19,30,1
10,0,38,3,2573,28,23,45,0
12,0,35,4,7690,42,39,55,0
9,0,38,0,1533,37,21,45,1
9,0,38,4,1243,32,19,55,0
34,0,33,6,16980,28,97,25,0
15,0,36,6,7870,299,50,30,0
11,0,38,3,4623,30,45,30,0
12,1,37,0,2570,66,37,45,1
15,0,38,3,3685,203,40,25,0
13,0,29,4,2220,221,28,30,0
13,0,28,3,2473,58,85,55,0
20,0,29,0,1605,38,24,30,0
9,0,28,0,1730,49,20,45,0
19,0,27,3,2130,47,30,25,0
11,0,27,3,4130,36,40,30,0
11,0,20,3,2600,56,31,30,0
25,0,19,4,7298,113,59,25,0
21,0,17,3,9838,101,57,55,0
17,0,18,6,3758,59,36,30,0
11,0,11,4,5295,243,27,30,0
12,1,11,4,2393,28,24,30,1
9,0,40,0,4075,7,4,30,0
5,0,41,0,305,7,2,30,0
11,0,39,0,2158,345,11,30,0
11,0,40,0,3903,7,22,15,0
5,0,40,0,2098,7,20,25,0
12,0,40,0,3480,18,15,30,0
5,0,40,0,2065,271,5,30,0
14,0,39,1,8820,130,30,30,0
8,0,40,0,13478,7,31,30,0
8,0,40,0,4220,7,12,30,0
7,0,40,1,5623,7,17,30,0
10,0,40,0,1943,7,4,30,0
26,0,40,2,14845,40,19,30,0
5,0,40,1,2800,469,9,30,0
10,0,39,0,15190,136,17,25,0
5,0,39,0,6205,172,13,30,0
5,0,39,0,580,7,2,25,0
5,0,40,0,415,7,2,30,0
5,0,39,0,305,7,2,25,1
5,0,39,0,7213,370,30,30,0
8,0,39,0,11170,7,34,45,0
9,0,39,0,6423,94,24,25,0
24,0,35,0,660,7,4,30,1
22,0,38,7,10140,7,29,55,0
14,0,38,0,5523,12,11,25,1
5,0,36,1,2545,7,6,30,0
10,0,37,0,2695,7,3,30,1
10,0,38,0,1973,20,18,30,1
5,1,38,0,305,7,2,30,1
5,0,38,1,1373,7,2,45,0
5,0,35,0,6490,7,9,55,0
5,0,38,0,305,7,2,45,1
5,0,38,0,305,7,2,55,0
26,0,33,2,15780,7,67,25,0
7,0,36,2,6670,257,20,30,0
5,0,38,0,3423,7,15,30,0
5,0,37,0,1370,24,7,30,0
7,0,38,0,2485,161,10,25,0
5,0,29,1,1020,179,2,30,0
5,0,28,0,1273,16,55,45,0
12,0,29,0,405,7,2,30,0
5,0,28,0,305,7,2,45,0
11,0,27,1,930,7,2,25,0
5,0,27,0,2930,7,10,30,0
5,0,20,1,1400,14,2,25,0
17,0,19,0,6098,71,29,25,0
13,0,17,0,8638,59,27,55,0
9,0,18,2,2558,17,6,30,0
5,0,11,1,4095,201,25,30,0
5,1,11,1,1193,7,2,30,1
13,0,41,2,4790,44,23,30,0
5,0,42,0,738,46,10,30,0
15,0,40,2,2873,398,30,30,0
15,0,41,2,4618,40,41,15,0
8,0,41,2,2813,41,39,25,0
16,0,41,3,4195,71,34,30,0
9,0,41,2,2780,324,24,45,0
18,0,40,4,9535,183,49,30,0
12,0,41,2,14193,39,50,30,0
12,0,41,3,4935,41,31,45,0
11,0,41,2,6338,46,18,30,0
14,1,41,0,2658,47,23,45,0
30,0,41,5,15560,93,38,30,0
9,0,41,3,3515,522,14,45,0
14,0,40,2,15905,189,36,30,0
8,0,40,3,6920,225,32,45,0
5,0,40,0,1295,39,17,30,0
7,0,41,0,1130,52,14,30,0
5,0,40,0,420,39,6,30,1
8,0,40,2,7928,423,49,30,0
12,0,40,3,11885,50,53,45,0
13,0,40,3,7138,147,43,30,0
28,1,36,0,1375,55,23,30,1
26,0,39,10,10855,40,48,55,0
18,0,39,3,6238,65,30,30,0
6,0,37,2,3260,39,20,45,0
14,0,38,0,3410,48,22,30,1
14,1,39,0,2688,73,37,45,1
5,0,39,0,553,39,8,30,1
6,0,39,2,2088,39,12,45,0
8,0,36,3,7205,53,28,55,0
5,0,39,0,1048,48,10,45,1
5,0,39,3,758,43,8,55,0
30,0,34,5,16495,39,86,25,0
11,0,37,5,7385,310,39,30,0
7,0,39,2,4138,41,34,30,0
8,0,38,0,2085,77,26,45,0
11,0,39,2,3200,214,29,30,0
9,0,30,3,1735,232,17,30,0
9,0,29,2,1988,69,74,55,0
16,0,30,0,1120,49,13,30,0
5,0,29,0,1245,60,9,45,0
15,0,28,2,1645,58,19,25,0
7,0,28,2,3645,47,29,45,0
7,0,21,2,2115,67,20,30,0
21,0,20,3,6813,124,48,25,0
17,0,18,2,9353,112,46,55,0
13,0,19,5,3273,70,25,45,0
7,0,12,3,4810,254,16,30,0
8,1,12,3,1908,39,13,30,1
13,0,39,0,4560,7,15,25,0
5,0,40,0,305,7,2,25,0
15,0,38,0,2643,334,22,25,0
15,0,39,0,4388,7,33,15,0
8,0,39,0,2583,7,31,15,0
16,0,39,1,3965,7,26,30,0
9,0,39,0,2550,260,16,30,0
18,0,38,2,9305,119,41,30,0
12,0,39,0,13963,7,42,30,0
12,0,39,1,4705,7,23,30,0
11,0,39,0,6108,7,10,25,0
14,1,39,0,2428,7,15,30,0
30,0,39,3,15330,29,30,30,0
9,0,39,1,3285,458,6,30,0
14,0,38,0,15675,125,28,25,0
8,0,38,1,6690,161,24,30,0
5,0,38,0,1065,7,9,25,0
7,0,39,0,900,7,6,25,0
5,0,38,0,305,7,2,25,1
8,0,38,0,7698,359,41,25,0
12,0,38,1,11655,7,45,30,0
13,0,38,1,6908,83,35,25,0
28,1,34,0,1145,7,15,25,1
26,0,37,8,10625,7,40,45,0
18,0,37,1,6008,7,22,25,1
6,0,35,0,3030,7,12,30,0
14,0,36,0,3180,7,14,30,1
14,0,37,0,2458,9,29,30,1
5,1,37,0,305,7,2,30,1
6,0,37,0,1858,7,4,30,0
8,0,34,1,6975,7,20,45,0
5,0,37,0,818,7,2,45,1
5,0,37,1,305,7,2,55,0
30,0,32,3,16265,7,78,25,0
11,0,35,3,7155,246,31,25,0
7,0,37,0,3908,7,26,25,0
8,0,36,0,1855,13,18,30,0
11,0,37,0,2970,150,21,25,0
9,0,28,1,1505,168,9,25,0
9,0,27,0,1758,7,66,45,0
16,0,28,0,890,7,5,25,0
5,0,27,0,1015,7,2,45,0
15,0,26,0,1415,7,11,25,0
7,0,26,0,3415,7,21,30,0
7,0,19,0,1885,7,12,25,0
21,0,18,1,6583,60,40,15,0
17,0,16,0,9123,48,38,45,0
13,0,17,3,3043,7,17,30,0
7,0,10,1,4580,190,8,30,0
8,0,10,1,1678,7,5,30,1
15,0,40,1,4865,21,22,30,0
7,0,41,0,813,23,9,30,0
17,0,39,1,2948,375,29,30,0
17,0,40,1,4693,17,40,15,0
10,0,40,1,2888,18,38,25,0
18,0,40,2,4270,48,33,30,0
11,0,40,1,2855,301,23,30,0
20,0,39,3,9610,160,48,30,0
14,0,40,1,14268,16,49,30,0
14,0,40,2,5010,18,30,30,0
13,0,40,1,6413,23,17,30,0
16,0,40,0,2733,24,22,30,0
32,1,40,4,15635,70,37,30,0
11,0,40,2,3590,499,13,30,0
16,0,39,1,15980,166,35,25,0
10,0,39,2,6995,202,31,30,0
7,0,39,0,1370,16,16,25,0
9,0,40,0,1205,29,13,30,0
7,0,39,0,495,16,5,25,1
10,0,39,1,8003,400,48,30,0
14,0,39,2,11960,27,52,45,0
15,0,39,2,7213,124,42,25,0
30,1,35,0,1450,32,22,30,1
28,0,38,9,10930,17,47,55,0
20,0,38,2,6313,42,29,25,0
8,0,36,1,3335,16,19,30,0
16,1,37,0,3485,25,21,30,1
16,1,38,0,2763,50,36,45,1
7,0,38,0,628,16,7,30,1
8,0,38,1,2163,16,11,45,0
10,0,35,2,7280,30,27,55,0
7,0,38,0,1123,25,9,45,1
7,0,38,2,833,20,7,55,0
32,0,33,4,16570,16,85,25,0
13,0,36,4,7460,287,38,30,0
9,0,38,1,4213,18,33,30,0
10,0,37,0,2160,54,25,30,0
13,0,38,1,3275,191,28,25,0
11,0,29,2,1810,209,16,30,0
11,0,28,1,2063,46,73,55,0
18,0,29,0,1195,26,12,30,0
7,0,28,0,1320,37,8,45,0
17,0,27,1,1720,35,18,25,0
9,0,27,1,3720,24,28,30,0
9,0,20,1,2190,44,19,30,0
23,0,19,2,6887,101,47,25,0
19,0,17,1,9427,89,45,55,0
15,0,18,4,3347,47,24,30,0
9,0,11,2,4885,231,15,30,0
10,1,11,2,1982,16,12,30,1
11,0,40,1,4485,3,16,30,0
3,0,41,0,433,5,3,30,0
13,0,39,1,2568,357,23,30,0
13,0,40,1,4313,0,34,15,0
6,0,40,1,2508,0,32,25,0
14,0,40,2,3890,30,27,30,0
7,0,40,1,2475,283,17,30,0
16,0,39,3,9230,142,42,30,0
10,0,40,1,13888,0,43,30,0
10,0,40,2,4630,0,24,30,0
9,0,40,1,6033,5,11,30,0
12,1,40,0,2353,6,16,30,0
28,0,40,4,15255,52,31,30,0
7,0,40,2,3210,481,7,30,0
12,0,39,1,15600,148,29,25,0
6,0,39,2,6615,184,25,30,0
3,0,39,0,990,0,10,25,0
5,0,40,0,825,11,7,30,0
0,0,39,0,0,0,0,25,1
6,0,39,1,7623,382,42,30,0
10,0,39,2,11580,9,46,45,0
11,0,39,2,6833,106,36,25,0
26,1,35,0,1070,14,16,30,1
24,0,38,9,10550,0,41,55,0
16,0,38,2,5933,24,23,25,0
4,0,36,1,2955,0,13,30,0
12,0,37,0,3105,7,15,30,1
12,0,38,0,2383,32,30,45,1
3,0,38,0,248,0,1,30,1
4,0,38,1,1783,0,5,45,0
6,0,35,2,6900,12,21,55,0
3,0,38,0,743,7,3,45,1
3,0,38,2,453,2,1,55,0
28,0,33,4,16190,0,79,25,0
9,0,36,4,7080,269,32,30,0
5,0,38,1,3833,0,27,30,0
6,0,37,0,1780,36,19,30,0
9,0,38,1,2895,173,22,25,0
7,0,29,2,1430,191,10,30,0
7,0,28,1,1683,28,67,55,0
14,0,29,0,815,8,6,30,0
3,0,28,0,940,19,2,45,0
13,0,27,1,1340,17,12,25,0
5,0,27,1,3340,6,22,30,0
5,0,20,1,1810,26,13,30,0
19,0,19,2,6507,83,41,25,0
15,0,17,1,9047,71,39,55,0
11,0,18,4,2967,29,18,30,0
5,0,11,2,4505,213,9,30,0
6,1,11,2,1602,0,6,30,1
11,0,35,0,4675,4,18,25,0
3,0,36,0,623,6,5,25,0
13,0,34,0,2758,358,25,25,0
13,0,35,0,4503,0,36,15,0
6,0,35,0,2698,1,34,15,0
14,0,35,1,4080,31,29,30,0
7,0,35,0,2665,284,19,30,0
16,0,34,2,9420,143,44,30,0
10,0,35,0,14078,0,45,30,0
10,0,35,1,4820,1,26,30,0
9,0,35,0,6223,6,13,25,0
12,0,35,0,2543,7,18,30,0
28,0,35,3,15445,53,33,30,0
7,0,35,1,3400,482,9,30,0
12,0,34,0,15790,149,31,25,0
6,0,34,1,6805,185,27,30,0
3,0,34,0,1180,0,12,25,0
5,0,35,0,1015,12,9,25,0
0,0,34,0,0,0,0,25,1
6,0,34,0,7813,383,44,25,0
10,0,34,1,11770,10,48,30,0
11,0,34,1,7023,107,38,25,0
26,1,30,0,1260,15,18,25,1
24,0,33,8,10740,0,43,45,0
16,0,33,1,6123,25,25,25,1
4,0,31,0,3145,0,15,30,0
12,1,32,0,3295,8,17,30,1
12,0,33,0,2573,33,32,30,1
3,0,33,0,438,0,3,30,1
4,0,33,0,1973,0,7,30,0
6,0,30,1,7090,13,23,45,0
3,0,33,0,933,8,5,45,1
3,0,33,1,643,3,3,55,0
28,0,28,3,16380,0,81,25,0
9,0,31,3,7270,270,34,25,0
5,0,33,0,4023,1,29,25,0
6,0,32,0,1970,37,21,30,0
9,0,33,0,3085,174,24,25,0
7,0,24,1,1620,192,12,25,0
7,0,23,0,1873,29,69,45,0
14,0,24,0,1005,9,8,25,0
3,0,23,0,1130,20,4,45,0
13,0,22,0,1530,18,14,25,0
5,0,22,0,3530,7,24,30,0
5,0,15,0,2000,27,15,25,0
19,0,14,1,6697,84,43,15,0
15,0,12,0,9237,72,41,45,0
11,0,13,3,3157,30,20,30,0
5,0,6,1,4695,214,11,30,0
6,0,6,1,1792,0,8,30,1
15,0,45,2,4675,20,20,30,0
7,0,46,0,623,22,7,30,0
17,0,44,2,2758,374,27,30,0
17,0,45,2,4503,16,38,15,0
10,0,45,2,2698,17,36,25,0
18,0,45,3,4080,47,31,30,0
11,0,45,2,2665,300,21,45,0
20,0,44,4,9420,159,46,30,0
14,0,45,2,14078,15,47,30,0
14,0,45,3,4820,17,28,45,0
13,0,45,2,6223,22,15,30,0
16,0,45,0,2543,23,20,45,0
32,0,45,5,15445,69,35,30,0
11,0,45,3,3400,498,11,45,0
16,0,44,2,15790,165,33,30,0
10,0,44,3,6805,201,29,45,0
7,0,44,0,1180,15,14,30,0
9,0,45,0,1015,28,11,30,0
7,0,44,0,305,15,3,30,1
10,0,44,2,7813,399,46,30,0
14,0,44,3,11770,26,50,45,0
15,0,44,3,7023,123,40,30,0
30,1,40,0,1260,31,20,30,1
28,0,43,10,10740,16,45,55,0
20,0,43,3,6123,41,27,30,0
8,0,41,2,3145,15,17,45,0
16,1,42,0,3295,24,19,30,1
16,1,43,0,2573,49,34,45,1
7,0,43,0,438,15,5,30,1
8,0,43,2,1973,15,9,45,0
10,0,40,3,7090,29,25,55,0
7,0,43,0,933,24,7,45,1
7,0,43,3,643,19,5,55,0
32,0,38,5,16380,15,83,25,0
13,0,41,5,7270,286,36,30,0
9,0,43,2,4023,17,31,30,0
10,0,42,0,1970,53,23,45,0
13,0,43,2,3085,190,26,30,0
11,0,34,3,1620,208,14,30,0
11,0,33,2,1873,45,71,55,0
18,0,34,0,1005,25,10,30,0
7,0,33,0,1130,36,6,45,0
17,0,32,2,1530,34,16,25,0
9,0,32,2,3530,23,26,45,0
9,0,25,2,2000,43,17,30,0
23,0,24,3,6697,100,45,25,0
19,0,22,2,9237,88,43,55,0
15,0,23,5,3157,46,22,45,0
9,0,16,3,4695,230,13,30,0
10,0,16,3,1792,15,10,30,1
19,0,41,2,5385,37,19,30,0
11,0,42,0,1333,22,6,30,0
21,0,40,2,3468,374,26,30,0
21,0,41,2,5213,16,37,15,0
14,0,41,2,3408,17,35,25,0
22,0,41,3,4790,47,30,30,0
15,0,41,2,3375,300,20,45,0
24,0,40,4,10130,159,45,30,0
18,0,41,2,14788,15,46,30,0
18,0,41,3,5530,17,27,45,0
17,0,41,2,6933,22,14,30,0
20,0,41,0,3253,23,19,45,0
36,0,41,5,16155,69,34,30,0
15,0,41,3,4110,498,10,45,0
20,0,40,2,16500,165,32,25,0
14,0,40,3,7515,201,28,30,0
11,0,40,0,1890,15,13,25,0
13,0,41,0,1725,28,10,30,0
11,0,40,0,1015,15,2,30,1
14,0,40,2,8523,399,45,30,0
18,0,40,3,12480,26,49,45,0
19,0,40,3,7733,123,39,25,0
34,1,36,0,1970,31,19,30,1
32,0,39,10,11450,16,44,55,0
24,0,39,3,6833,41,26,30,0
12,0,37,2,3855,15,16,30,0
20,1,38,0,4005,24,18,30,1
20,1,39,0,3283,49,33,45,1
11,0,39,0,1148,15,4,30,1
12,0,39,2,2683,15,8,45,0
14,0,36,3,7800,29,24,55,0
11,0,39,0,1643,24,6,45,1
11,0,39,3,1353,19,4,55,0
36,0,34,5,17090,15,82,25,0
17,0,37,5,7980,286,35,30,0
13,0,39,2,4733,17,30,30,0
14,0,38,0,2680,53,22,45,0
17,0,39,2,3795,190,25,25,0
15,0,30,3,2330,208,13,30,0
15,0,29,2,2583,45,70,55,0
22,1,30,0,1715,25,9,30,1
11,0,29,0,1840,36,5,45,0
21,0,28,2,2240,34,15,25,0
13,0,28,2,4240,23,25,30,0
13,0,21,2,2710,43,16,30,0
27,0,20,3,7407,100,44,25,0
23,0,18,2,9947,88,42,55,0
19,0,19,5,3867,46,21,30,0
13,0,12,3,5405,230,12,30,0
14,1,12,3,2502,15,9,30,1
7,0,39,0,3965,0,19,30,0
0,0,40,0,0,0,0,30,0
9,0,38,0,2048,341,26,30,0
9,0,39,0,3793,0,37,15,0
2,0,39,0,1988,0,35,25,0
10,0,39,1,3370,14,30,30,0
3,0,39,0,1955,267,20,30,0
12,0,38,2,8710,126,45,30,0
6,0,39,0,13368,0,46,30,0
6,0,39,1,4110,0,27,30,0
5,0,39,0,5513,0,14,30,0
8,0,39,0,1833,0,19,30,0
24,0,39,3,14735,36,34,30,0
3,0,39,1,2690,465,10,30,0
8,0,38,0,15080,132,32,25,0
2,0,38,1,6095,168,28,30,0
0,0,38,0,470,0,13,25,0
1,0,39,0,305,0,10,30,0
0,0,38,0,0,0,0,25,1
2,0,38,0,7103,366,45,30,0
6,0,38,1,11060,0,49,45,0
7,0,38,1,6313,90,39,25,0
22,0,34,0,550,0,19,30,1
20,0,37,8,10030,0,44,55,0
12,0,37,1,5413,8,26,25,1
0,0,35,0,2435,0,16,30,0
8,1,36,0,2585,0,18,30,1
8,0,37,0,1863,16,33,30,1
0,0,37,0,0,0,0,30,1
0,0,37,0,1263,0,8,45,0
2,0,34,1,6380,0,24,55,0
0,0,37,0,223,0,6,45,1
0,0,37,1,0,0,0,55,0
24,1,32,3,15670,0,82,25,0
5,0,35,3,6560,253,35,25,0
1,0,37,0,3313,0,30,30,0
2,0,36,0,1260,20,22,30,0
5,0,37,0,2375,157,25,25,0
3,0,28,1,910,175,13,25,0
3,0,27,0,1163,12,70,45,0
10,0,28,0,295,0,9,30,0
0,0,27,0,420,3,5,45,0
9,0,26,0,820,1,15,25,0
1,0,26,0,2820,0,25,30,0
1,0,19,0,1290,10,16,25,0
15,0,18,1,5987,67,44,25,0
11,0,16,0,8527,55,42,55,0
7,0,17,3,2447,13,21,30,0
1,0,10,1,3985,197,12,30,0
2,1,10,1,1082,0,9,30,1
13,0,40,1,4675,12,19,30,0
5,0,41,0,623,14,6,30,0
15,0,39,1,2758,366,26,30,0
15,0,40,1,4503,8,37,15,0
8,0,40,1,2698,9,35,25,0
16,0,40,2,4080,39,30,30,0
9,0,40,1,2665,292,20,30,0
18,0,39,3,9420,151,45,30,0
12,0,40,1,14078,7,46,30,0
12,0,40,2,4820,9,27,30,0
11,0,40,1,6223,14,14,30,0
14,0,40,0,2543,15,19,30,0
30,0,40,4,15445,61,34,30,0
9,0,40,2,3400,490,10,30,0
14,0,39,1,15790,157,32,25,0
8,0,39,2,6805,193,28,30,0
5,0,39,0,1180,7,13,25,0
7,0,40,0,1015,20,10,30,0
5,0,39,0,305,7,2,25,1
8,0,39,1,7813,391,45,30,0
12,0,39,2,11770,18,49,45,0
13,0,39,2,7023,115,39,25,0
28,1,35,0,1260,23,19,30,1
26,0,38,9,10740,8,44,55,0
18,0,38,2,6123,33,26,25,0
6,0,36,1,3145,7,16,30,0
14,1,37,0,3295,16,18,30,1
14,0,38,0,2573,41,33,45,1
5,0,38,0,438,7,4,30,1
6,0,38,1,1973,7,8,45,0
8,0,35,2,7090,21,24,55,0
5,0,38,0,933,16,6,45,1
5,0,38,2,643,11,4,55,0
30,0,33,4,16380,7,82,25,0
11,0,36,4,7270,278,35,30,0
7,0,38,1,4023,9,30,30,0
8,0,37,0,1970,45,22,30,0
11,0,38,1,3085,182,25,25,0
9,0,29,2,1620,200,13,30,0
9,0,28,1,1873,37,70,55,0
16,0,29,0,1005,17,9,30,0
5,0,28,0,1130,28,5,45,0
15,0,27,1,1530,26,15,25,0
7,0,27,1,3530,15,25,30,0
7,0,20,1,2000,35,16,30,0
21,0,19,2,6697,92,44,25,0
17,0,17,1,9237,80,42,55,0
13,0,18,4,3157,38,21,30,0
7,0,11,2,4695,222,12,30,0
8,1,11,2,1792,7,9,30,1
13,0,40,1,4675,12,19,30,0
5,0,41,0,623,14,6,30,0
15,0,39,1,2758,366,26,30,0
15,0,40,1,4503,8,37,15,0
8,0,40,1,2698,9,35,25,0
16,0,40,2,4080,39,30,30,0
9,0,40,1,2665,292,20,30,0
18,0,39,3,9420,151,45,30,0
12,0,40,1,14078,7,46,30,0
12,0,40,2,4820,9,27,30,0
11,0,40,1,6223,14,14,30,0
14,0,40,0,2543,15,19,30,0
30,0,40,4,15445,61,34,30,0
9,0,40,2,3400,490,10,30,0
14,0,39,1,15790,157,32,25,0
8,0,39,2,6805,193,28,30,0
5,0,39,0,1180,7,13,25,0
7,0,40,0,1015,20,10,30,0
5,0,39,0,305,7,2,25,1
8,0,39,1,7813,391,45,30,0
12,0,39,2,11770,18,49,45,0
13,0,39,2,7023,115,39,25,0
28,1,35,0,1260,23,19,30,1
26,0,38,9,10740,8,44,55,0
18,0,38,2,6123,33,26,25,0
6,0,36,1,3145,7,16,30,0
14,1,37,0,3295,16,18,30,1
14,1,38,0,2573,41,33,45,1
5,0,38,0,438,7,4,30,1
6,0,38,1,1973,7,8,45,0
8,0,35,2,7090,21,24,55,0
5,1,38,0,933,16,6,45,1
5,0,38,2,643,11,4,55,0
30,0,33,4,16380,7,82,25,0
11,0,36,4,7270,278,35,30,0
7,0,38,1,4023,9,30,30,0
8,0,37,0,1970,45,22,30,0
11,0,38,1,3085,182,25,25,0
9,0,29,2,1620,200,13,30,0
9,0,28,1,1873,37,70,55,0
16,0,29,0,1005,17,9,30,0
5,0,28,0,1130,28,5,45,0
15,0,27,1,1530,26,15,25,0
7,0,27,1,3530,15,25,30,0
7,0,20,1,2000,35,16,30,0
21,0,19,2,6697,92,44,25,0
17,0,17,1,9237,80,42,55,0
13,0,18,4,3157,38,21,30,0
7,0,11,2,4695,222,12,30,0
8,1,11,2,1792,7,9,30,1